subject,major_num,major_title,minor_code,minor_title,display_order
DB,1,DB개념 및 설계,a,데이터베이스 시스템 개념 및 이론,1
DB,1,DB개념 및 설계,b,"데이터 모델의 개념, 관계형/객체지향 DB",2
DB,1,DB개념 및 설계,c,"데이터베이스 설계, 정규화",3
DB,1,DB개념 및 설계,d,"데이터 아키텍처, 데이터베이스 구축 방법론v.4.0(NIA, 2014)",4
DB,1,DB개념 및 설계,e,"데이터베이스 품질관리, 공공기관 데이터베이스 표준화 지침",5
DB,2,DB언어,a,관계대수,6
DB,2,DB언어,b,"SQL, 내장SQL, 절차형 SQL, ODBC/JDBC 등",7
DB,3,DBMS 기술,a,"DB성능(인덱스, 튜닝), 트랜잭션, 동시성 제어",8
DB,3,DBMS 기술,b,"데이터 백업 및 복구, 데이터 마이그레이션",9
DB,3,DBMS 기술,c,"저장장치, 메모리 DB",10
DB,3,DBMS 기술,d,데이터베이스 보안,11
DB,4,DB응용,a,웹기반 정보시스템,12
DB,4,DB응용,b,"정보검색, 검색엔진",13
DB,4,DB응용,c,"멀티미디어, GIS 등",14
DB,4,DB응용,d,"분산 DBMS, 모바일 DBMS",15
DB,4,DB응용,e,"OPEN API, 공공데이터",16
DB,5,빅데이터 및 AI데티어,a,"빅데이터 관련 기술(저장, 처리, 분석, 시각화)",17
DB,5,빅데이터 및 AI데티어,b,NoSQL,18
DB,5,빅데이터 및 AI데티어,c,"데이터마이닝, DW",19
DB,5,빅데이터 및 AI데티어,d,AI학습데이터 구축,20
PM,1,"정보화 및 소프트웨어 관련 법/제도 및 국내외 지침, 가이드",a,"정보화 및 소프트웨어 관련 법령 및 고시, 가이드",1
PM,1,"정보화 및 소프트웨어 관련 법/제도 및 국내외 지침, 가이드",b,계약 관련 법령 및 예규,2
PM,1,"정보화 및 소프트웨어 관련 법/제도 및 국내외 지침, 가이드",c,대가산정 관련 고시 및 가이드,3
PM,1,"정보화 및 소프트웨어 관련 법/제도 및 국내외 지침, 가이드",d,"IT거버넌스, CoBIT 등 국외 관련 지침",4
PM,2,감리 관련 법제도 및 관련 기술,a,"전자정부법, 정보시스템 감리기준 등 감리 법제도",5
PM,2,감리 관련 법제도 및 관련 기술,b,정보시스템 인프라 관련 법제도,6
PM,2,감리 관련 법제도 및 관련 기술,c,정보시스템 감리 관련 가이드,7
PM,3,조직 관리론,a,"조직구조, 조직이론, 조직설계",8
PM,3,조직 관리론,b,"인적 자원관리, 의사소통관리",9
PM,4,프로젝트 관리,a,프로젝트관리 관련 표준 및 가이드,10
PM,4,프로젝트 관리,b,통합/범위/자원/일정/위험/품질/성과/조달/변화 관리 등,11
SA,1,공통기술,a,"IT 및 정보화 관련 표준, 국내외 표준화 동향",1
SA,1,공통기술,b,정보기술 아키텍처(EA),2
SA,2,아키텍처 설계 및 구축,a,"컴퓨터 구조론 : 디지털 논리회로, 명령어, 주소, CPU/GPU, 파이프라이닝, 기억장치, 입출력장치, 병렬처리 등",3
SA,2,아키텍처 설계 및 구축,b,"하드웨어 : 서버, 스토리지, NAS, 백업장치, UPS, 항온항습기 등",4
SA,2,아키텍처 설계 및 구축,c,"아키텍처 설계 : N-Tier, RAID, 이중화, 부하분산, 가상화, 최적화, 고가용성, 용량산정, 백업/복구, 재해복구 등",5
SA,2,아키텍처 설계 및 구축,d,"클라우드 기반 아키텍처, 전자정부 공통 기반, 서버리스 등",6
SA,2,아키텍처 설계 및 구축,e,"공개SW(오픈소스) : 솔루션, 라이선스 정책 등",7
SA,2,아키텍처 설계 및 구축,f,"성능시험, 이중화 시험",8
SA,3,데이터 통신 및 네트워크 설계,a,"데이터 통신이론, 데이터 전송 방식 및 기술, OSI 참조 모델, 네트워크 프로토콜, IPv4/IPv6, LAN, WAN, 무선LAN, 인터네트워킹, 스토리지 전송 프로토콜, 네트워크 관리 등",9
SA,3,데이터 통신 및 네트워크 설계,b,"네트워크 장비 : 라우터, 스위치, 허브, 브리지, 백본 등",10
SA,3,데이터 통신 및 네트워크 설계,c,"네트워크 설계 : 주소, 네트워크 분할, 가상화, 이중화, 스위칭, 라우팅 프로토콜 등",11
SA,3,데이터 통신 및 네트워크 설계,d,"근거리 통신 기술 : NFC, Zigbee, Beacon, Bluetooth 등",12
SA,3,데이터 통신 및 네트워크 설계,e,"저전력 장거리 통신 기술 : Sigfox, LoRa, NB-IoT 등",13
SA,3,데이터 통신 및 네트워크 설계,f,"기타 데이터 통신 기술 : WiFi, HSDPA, WPAN, BcN, ADN, CDN, NFV, SDN",14
SA,4,기타 신기술,a,"클라우드 컴퓨팅, 빅데이터 플랫폼, 사물인터넷, AI, 머신러닝, 블록체인, 메타버스, 스마트카, VR/AR, 3D프린팅, 드론, 스마트시티 등",15
SC,1,공통 보안 기술,a,"암호 알고리즘, 해쉬함수, 키관리, 암호 프로토콜 등 암호시스템",1
SC,1,공통 보안 기술,b,"전자서명, PKI, 생체인식 등 인증기술",2
SC,1,공통 보안 기술,c,"접근권한, SSO, OTP 등 접근제어 기술",3
SC,2,네트워크 및 시스템 보안,a,"파이어월, IPS, VPN, ESM, NAC, 망분리, 무선보안 등 유무선 네트워크 보안 기술",4
SC,2,네트워크 및 시스템 보안,b,"OS보안, DB보안, 서버 보안, 클라이언트 보안, PC 보안, 휴대용 단말 보안 등 시스템 보안 기술",5
SC,2,네트워크 및 시스템 보안,c,"네트워크/시스템 보안 공격, 해킹 및 침해사고 대응 기술",6
SC,3,응용 및 신기술 보안,a,"웹 보안, 모바일 앱 보안, DRM, DLP, 전자거래 보안 등 응용 보안 기술",7
SC,3,응용 및 신기술 보안,b,"클라우드 보안, 빅데이터 보안, IoT 보안, 스마트워크 보안 등 최신 응용 보안",8
SC,3,응용 및 신기술 보안,c,"디지털 포렌식, 블록체인, AI 연계 등 보안 신기술",9
SC,4,개발 및 운영 보안,a,"시큐어 코딩, SW형상관리, 개발 환경 보안 등 개발 보안 기술",10
SC,4,개발 및 운영 보안,b,"SW취약점 진단, 도구, 최신 공격 및 대응 기술",11
SC,4,개발 및 운영 보안,c,"운영 통제, 외주 용역 등 운영 보안 기술",12
SC,5,정보보호 법규 및 개인정보보호,a,"정보보호 및 개인정보보호 관련 법규, 표준, 지침, 평가/인증제도",13
SC,5,정보보호 법규 및 개인정보보호,b,"거버넌스, 위험관리, 업무연속성 관리, 보안 감사 등 보안관리 기술",14
SC,5,정보보호 법규 및 개인정보보호,c,"암호화, 개인정보 비식별화 조치 등 기술적, 관리적 보호조치",15
SE,1,요구사항분석 및 설계,a,"요구사항 도출, 요구사항 분석, 요구사항 명세, 요구사항 추적",1
SE,1,요구사항분석 및 설계,b,객체지향 개념,2
SE,1,요구사항분석 및 설계,c,설계원리,3
SE,1,요구사항분석 및 설계,d,UML/SysML 모델링,4
SE,1,요구사항분석 및 설계,e,"아키텍처 스타일(계층구조, 클라이언트 서버, 트랜잭션 처리, mvc, 이벤트 중심 등)",5
SE,1,요구사항분석 및 설계,f,설계패턴,6
SE,1,요구사항분석 및 설계,g,사용자 인터페이스 설계,7
SE,2,구현 및 테스트,a,"프로그래밍언어 및 환경(코딩원리, 코딩오류, 코딩 스타일, uml과 코딩)",8
SE,2,구현 및 테스트,b,"코드 자동생성, 로우코드/노코드",9
SE,2,구현 및 테스트,c,"웹접근성, 웹호환성 점검",10
SE,2,구현 및 테스트,d,"단위, 모듈, 연계, 통합, 시스템, 인수 등",11
SE,2,구현 및 테스트,e,테스팅 방법 및 도구,12
SE,2,구현 및 테스트,f,"KS X ISO/IEC/IEEE 29119, KS X ISO/IEC 33063 SW테스트 관련 표준",13
SE,3,유지관리 및 운영,a,유지관리 개념 및 방법,14
SE,3,유지관리 및 운영,b,형상관리,15
SE,3,유지관리 및 운영,c,"ITSM, ITIL(SLA, SLM 등)",16
SE,3,유지관리 및 운영,d,"재사용, 재공학, 역공학, Refactoring",17
SE,3,유지관리 및 운영,e,아웃소싱,18
SE,4,"개발방법론, sw 구조 및 공개sw",a,"구조적, 정보공학, 객체지향",19
SE,4,"개발방법론, sw 구조 및 공개sw",b,"CBD, Agile, 데브 옵스, aop 등",20
SE,4,"개발방법론, sw 구조 및 공개sw",c,"프로세스 모델 : 폭포수, 프로타이핑, 점진적, 진화적, 나선형, v 모델, 스크럼 등",21
SE,4,"개발방법론, sw 구조 및 공개sw",d,클린 아키텍처,22
SE,4,"개발방법론, sw 구조 및 공개sw",e,"웹기반 기술주고, j2ee, 닷넷, 컨테이너 등 개발 플랫폼",23
SE,4,"개발방법론, sw 구조 및 공개sw",f,"분산커포넌트 기술, xml 등",24
SE,4,"개발방법론, sw 구조 및 공개sw",g,"전자정부표준프레임워크, 스프링 프레임워크",25
SE,4,"개발방법론, sw 구조 및 공개sw",h,"SOA, MSA",26
SE,4,"개발방법론, sw 구조 및 공개sw",i,"웹서비스(SOAP, REST)",27
SE,4,"개발방법론, sw 구조 및 공개sw",j,오픈소스 개념 및 활용방법,28
SE,5,SW 품질 및 비용산정,a,SW Product 품질,29
SE,5,SW 품질 및 비용산정,b,"SW Process 품질(CMMi, SPICE, SP인증 등)",30
SE,5,SW 품질 및 비용산정,c,"ISO/IEC 12207, ISO/IEC 25000, ISO/IEC 5055 등 SW품질 관련 표준",31
SE,5,SW 품질 및 비용산정,d,품질보증,32
SE,5,SW 품질 및 비용산정,e,기능점수산정,33
SE,5,SW 품질 및 비용산정,f,비용산정 모델,34