id,created_at,subject,concept,total_questions,correct_count,wrong_count,details
1,2026-06-19 06:30:11,SE,"1-a. 요구사항 도출, 요구사항 분석, 요구사항 명세, 요구사항 추적",1,1,0,"{""correct"": [""2024_44""], ""wrong"": []}"
2,2026-06-19 07:09:30,SE,1-d. UML/SysML 모델링,1,1,0,"{""q_id"": ""2019_41"", ""user_choice"": [4], ""correct_answer"": [4], ""is_correct"": true}"
3,2026-06-20 13:00:12,SE,ISO/IEC 25010 품질 표준,1,1,0,"{""q_id"": ""2026_32"", ""user_choice"": [2], ""correct_answer"": [2], ""is_correct"": true}"
4,2026-06-20 13:11:23,SE,"1-a. 요구사항 도출, 요구사항 분석, 요구사항 명세, 요구사항 추적",1,1,0,"{""q_id"": ""2025_45"", ""user_choice"": [4], ""correct_answer"": [4], ""is_correct"": true}"
5,2026-06-20 13:38:42,DB,"DB 정규화 단계 및 정규형 특징 (1NF~5NF, BCNF)",1,1,0,"{""q_id"": ""2015_51"", ""user_choice"": [1], ""correct_answer"": [1, 3], ""is_correct"": true}"
6,2026-06-20 13:39:02,DB,"DB 정규화 단계 및 정규형 특징 (1NF~5NF, BCNF)",1,0,1,"{""q_id"": ""2015_51"", ""user_choice"": [2], ""correct_answer"": [1, 3], ""is_correct"": false}"
7,2026-06-20 13:41:41,SE,"1-a. 요구사항 도출, 요구사항 분석, 요구사항 명세, 요구사항 추적",1,1,0,"{""q_id"": ""2025_45"", ""user_choice"": [4], ""correct_answer"": [4], ""is_correct"": true}"
8,2026-06-20 13:52:48,SE,"1-e. 아키텍처 스타일(계층구조, 클라이언트 서버, 트랜잭션 처리, mvc, 이벤트 중심 등)",1,1,0,"{""q_id"": ""2026_27"", ""user_choice"": [4], ""correct_answer"": [4], ""is_correct"": true}"
9,2026-06-20 13:59:11,DB,기타,1,1,0,"{""q_id"": ""2015_51"", ""user_choice"": [3], ""correct_answer"": [3], ""is_correct"": true}"
10,2026-06-20 14:00:56,SE,클래스 다이어그램 (UML),1,0,1,"{""q_id"": ""2019_31"", ""user_choice"": [2], ""correct_answer"": [1], ""is_correct"": false}"
11,2026-06-20 14:06:58,SE,기타,1,1,0,"{""q_id"": ""2019_31"", ""user_choice"": [1], ""correct_answer"": [1], ""is_correct"": true}"
12,2026-06-20 14:10:11,SE,애자일 및 스크럼 방법론,1,0,1,"{""q_id"": ""2026_46"", ""user_choice"": [3], ""correct_answer"": [1], ""is_correct"": false}"
13,2026-06-20 14:16:02,SE,"4-b. CBD, Agile, 데브 옵스, aop 등",1,0,1,"{""q_id"": ""2026_46"", ""user_choice"": [2], ""correct_answer"": [1], ""is_correct"": false}"
14,2026-06-20 14:19:31,SE,"4-b. CBD, Agile, 데브 옵스, aop 등",1,0,1,"{""q_id"": ""2026_46"", ""user_choice"": [2], ""correct_answer"": [1], ""is_correct"": false}"
15,2026-06-20 14:27:05,DB,SQL 쿼리 구문 (DDL/DML/DCL),1,0,1,"{""q_id"": ""2026_70"", ""user_choice"": [1], ""correct_answer"": [4], ""is_correct"": false}"
16,2026-06-20 14:27:41,DB,"2-b. SQL, 내장SQL, 절차형 SQL, ODBC/JDBC 등",1,0,1,"{""q_id"": ""2026_70"", ""user_choice"": [3], ""correct_answer"": [4], ""is_correct"": false}"
17,2026-06-20 14:28:04,DB,"2-b. SQL, 내장SQL, 절차형 SQL, ODBC/JDBC 등",1,1,0,"{""q_id"": ""2026_70"", ""user_choice"": [4], ""correct_answer"": [4], ""is_correct"": true}"
18,2026-06-21 04:58:24,DB,1-a. 데이터베이스 시스템 개념 및 이론,1,1,0,"{""q_id"": ""2026_67"", ""user_choice"": [2], ""correct_answer"": [2], ""is_correct"": true}"
19,2026-06-21 04:59:13,DB,1-a. 데이터베이스 시스템 개념 및 이론,1,1,0,"{""q_id"": ""2026_67"", ""user_choice"": [2], ""correct_answer"": [2], ""is_correct"": true}"
20,2026-06-21 05:04:41,DB,1-a. 데이터베이스 시스템 개념 및 이론,1,1,0,"{""q_id"": ""2026_67"", ""user_choice"": [2], ""correct_answer"": [2], ""is_correct"": true}"
21,2026-06-21 05:05:52,DB,1-a. 데이터베이스 시스템 개념 및 이론,1,1,0,"{""q_id"": ""2026_67"", ""user_choice"": [2], ""correct_answer"": [2], ""is_correct"": true}"
22,2026-06-21 05:12:43,DB,1-a. 데이터베이스 시스템 개념 및 이론,1,0,1,"{""q_id"": ""2026_67"", ""user_choice"": [4], ""correct_answer"": [2], ""is_correct"": false}"
23,2026-06-21 05:13:17,DB,1-a. 데이터베이스 시스템 개념 및 이론,1,0,1,"{""q_id"": ""2018_74"", ""user_choice"": [2], ""correct_answer"": [3], ""is_correct"": false}"
24,2026-06-21 05:13:32,DB,1-a. 데이터베이스 시스템 개념 및 이론,1,1,0,"{""q_id"": ""2018_74"", ""user_choice"": [3], ""correct_answer"": [3], ""is_correct"": true}"
25,2026-06-21 05:13:48,DB,1-a. 데이터베이스 시스템 개념 및 이론,1,1,0,"{""q_id"": ""2026_67"", ""user_choice"": [2], ""correct_answer"": [2], ""is_correct"": true}"
26,2026-06-24 02:29:13.676962,SE,"1-a. 요구사항 도출, 요구사항 분석, 요구사항 명세, 요구사항 추적",1,1,0,"{""q_id"": ""2020_35"", ""user_choice"": [4], ""correct_answer"": [4], ""is_correct"": true}"
27,2026-06-24 02:30:25.353633,SE,1-b. 객체지향 개념,1,1,0,"{""q_id"": ""2023_28"", ""user_choice"": [1], ""correct_answer"": [1], ""is_correct"": true}"
28,2026-06-24 04:16:05.672307,SE,1-b. 객체지향 개념,1,1,0,"{""q_id"": ""2015_38"", ""user_choice"": [3], ""correct_answer"": [3], ""is_correct"": true}"
29,2026-06-24 04:17:39.76966,SE,1-c. 설계원리,1,1,0,"{""q_id"": ""2022_50"", ""user_choice"": [4], ""correct_answer"": [4], ""is_correct"": true}"
30,2026-06-24 04:18:24.013717,SE,"1-a. 요구사항 도출, 요구사항 분석, 요구사항 명세, 요구사항 추적",1,1,0,"{""q_id"": ""2025_45"", ""user_choice"": [4], ""correct_answer"": [4], ""is_correct"": true}"
31,2026-06-24 04:19:11.192372,SE,1-d. UML/SysML 모델링,1,1,0,"{""q_id"": ""2017_30"", ""user_choice"": [2], ""correct_answer"": [2], ""is_correct"": true}"
32,2026-06-22 00:57:55,SE,"2-a. 프로그래밍언어 및 환경(코딩원리, 코딩오류, 코딩 스타일, uml과 코딩)",1,1,0,"{""q_id"": ""2016_45"", ""user_choice"": [4], ""correct_answer"": [4], ""is_correct"": true}"
33,2026-06-22 23:26:52,SE,"1-a. 요구사항 도출, 요구사항 분석, 요구사항 명세, 요구사항 추적",1,1,0,"{""q_id"": ""2019_30"", ""user_choice"": [4], ""correct_answer"": [4], ""is_correct"": true}"
34,2026-06-22 23:33:49,SE,"1-a. 요구사항 도출, 요구사항 분석, 요구사항 명세, 요구사항 추적",1,0,1,"{""q_id"": ""2025_45"", ""user_choice"": [3], ""correct_answer"": [4], ""is_correct"": false}"
35,2026-06-22 23:33:55,SE,"1-a. 요구사항 도출, 요구사항 분석, 요구사항 명세, 요구사항 추적",1,1,0,"{""q_id"": ""2025_45"", ""user_choice"": [4], ""correct_answer"": [4], ""is_correct"": true}"
36,2026-06-22 23:34:13,SE,"1-a. 요구사항 도출, 요구사항 분석, 요구사항 명세, 요구사항 추적",1,1,0,"{""q_id"": ""2021_37"", ""user_choice"": [3], ""correct_answer"": [3], ""is_correct"": true}"
37,2026-06-24 06:35:28.731612,SE,1-b. 객체지향 개념,1,1,0,"{""q_id"": ""2026_49"", ""user_choice"": [2], ""correct_answer"": [2], ""is_correct"": true}"
38,2026-06-24 06:35:58.339499,SE,"4-h. SOA, MSA",1,1,0,"{""q_id"": ""2023_39"", ""user_choice"": [3], ""correct_answer"": [3], ""is_correct"": true}"
39,2026-06-24 06:36:30.590205,SE,"1-a. 요구사항 도출, 요구사항 분석, 요구사항 명세, 요구사항 추적",1,1,0,"{""q_id"": ""2018_27"", ""user_choice"": [4], ""correct_answer"": [4], ""is_correct"": true}"
40,2026-06-24 07:49:11.594162,SE,1-b. 객체지향 개념,1,1,0,"{""q_id"": ""2024_30"", ""user_choice"": [3], ""correct_answer"": [3], ""is_correct"": true}"
41,2026-06-24 09:12:21.28386,SE,1-c. 설계원리,1,0,1,"{""q_id"": ""2016_27"", ""user_choice"": [2], ""correct_answer"": [3], ""is_correct"": false}"
42,2026-06-24 09:14:02.90991,SE,3-b. 형상관리,1,1,0,"{""q_id"": ""2023_42"", ""user_choice"": [3], ""correct_answer"": [3], ""is_correct"": true}"
43,2026-06-24 09:15:00.40634,SE,"1-a. 요구사항 도출, 요구사항 분석, 요구사항 명세, 요구사항 추적",1,0,1,"{""q_id"": ""2017_29"", ""user_choice"": [1], ""correct_answer"": [4], ""is_correct"": false}"
44,2026-06-24 23:33:19.852688,SE,"1-a. 요구사항 도출, 요구사항 분석, 요구사항 명세, 요구사항 추적",1,1,0,"{""q_id"": ""2023_37"", ""user_choice"": [1], ""correct_answer"": [1], ""is_correct"": true}"
45,2026-06-24 23:35:34.913825,SE,[기타],1,1,0,"{""q_id"": ""2018_44"", ""user_choice"": [1], ""correct_answer"": [1], ""is_correct"": true}"
46,2026-06-25 03:08:27.772594,SE,1-b. 객체지향 개념,1,1,0,"{""q_id"": ""2015_38"", ""user_choice"": [3], ""correct_answer"": [3], ""is_correct"": true}"
47,2026-06-25 03:09:08.978738,SE,1-d. UML/SysML 모델링,1,1,0,"{""q_id"": ""2025_29"", ""user_choice"": [2], ""correct_answer"": [2], ""is_correct"": true}"
48,2026-06-25 03:09:33.848736,SE,"4-b. CBD, Agile, 데브 옵스, aop 등",1,1,0,"{""q_id"": ""2026_43"", ""user_choice"": [4], ""correct_answer"": [4], ""is_correct"": true}"
49,2026-06-25 03:10:10.396914,SE,"1-a. 요구사항 도출, 요구사항 분석, 요구사항 명세, 요구사항 추적",1,1,0,"{""q_id"": ""2015_41"", ""user_choice"": [4], ""correct_answer"": [4], ""is_correct"": true}"
50,2026-06-25 03:16:32.869053,SE,1-b. 객체지향 개념,1,1,0,"{""q_id"": ""2018_37"", ""user_choice"": [4], ""correct_answer"": [4], ""is_correct"": true}"
51,2026-06-25 04:05:27.818517,SE,[기타],1,1,0,"{""q_id"": ""2022_44"", ""user_choice"": [2], ""correct_answer"": [2], ""is_correct"": true}"
52,2026-06-25 07:19:43.607983,SE,"1-a. 요구사항 도출, 요구사항 분석, 요구사항 명세, 요구사항 추적",1,1,0,"{""q_id"": ""2020_35"", ""user_choice"": [4], ""correct_answer"": [4], ""is_correct"": true}"
53,2026-06-25 07:20:00.584659,SE,"4-b. CBD, Agile, 데브 옵스, aop 등",1,1,0,"{""q_id"": ""2021_28"", ""user_choice"": [4], ""correct_answer"": [4], ""is_correct"": true}"
54,2026-06-25 07:20:22.577934,SE,"1-e. 아키텍처 스타일(계층구조, 클라이언트 서버, 트랜잭션 처리, mvc, 이벤트 중심 등)",1,1,0,"{""q_id"": ""2023_35"", ""user_choice"": [3], ""correct_answer"": [3], ""is_correct"": true}"
55,2026-06-25 07:28:11.975809,SE,"1-a. 요구사항 도출, 요구사항 분석, 요구사항 명세, 요구사항 추적",1,0,1,"{""q_id"": ""2019_32"", ""user_choice"": [4], ""correct_answer"": [1], ""is_correct"": false}"
56,2026-06-25 07:28:35.61793,SE,1-d. UML/SysML 모델링,1,0,1,"{""q_id"": ""2021_31"", ""user_choice"": [2], ""correct_answer"": [4], ""is_correct"": false}"
57,2026-06-25 07:29:09.888975,SE,"1-a. 요구사항 도출, 요구사항 분석, 요구사항 명세, 요구사항 추적",1,1,0,"{""q_id"": ""2025_32"", ""user_choice"": [1], ""correct_answer"": [1], ""is_correct"": true}"
58,2026-06-25 07:29:43.988968,SE,1-b. 객체지향 개념,1,1,0,"{""q_id"": ""2019_49"", ""user_choice"": [1], ""correct_answer"": [1], ""is_correct"": true}"
59,2026-06-25 10:11:44.355572,SE,"1-e. 아키텍처 스타일(계층구조, 클라이언트 서버, 트랜잭션 처리, mvc, 이벤트 중심 등)",1,1,0,"{""q_id"": ""2024_45"", ""user_choice"": [1], ""correct_answer"": [1], ""is_correct"": true}"
60,2026-06-25 10:13:39.349192,SE,2-e. 테스팅 방법 및 도구,1,1,0,"{""q_id"": ""2025_33"", ""user_choice"": [2], ""correct_answer"": [2], ""is_correct"": true}"
61,2026-06-25 12:58:07.649465,SE,"5-b. SW Process 품질(CMMi, SPICE, SP인증 등)",1,0,1,"{""q_id"": ""2026_29"", ""user_choice"": [1], ""correct_answer"": [3], ""is_correct"": false}"
62,2026-06-25 12:58:45.176696,SE,"1-a. 요구사항 도출, 요구사항 분석, 요구사항 명세, 요구사항 추적",1,1,0,"{""q_id"": ""2016_30"", ""user_choice"": [2], ""correct_answer"": [2], ""is_correct"": true}"
63,2026-06-25 13:00:20.381485,SE,"2-a. 프로그래밍언어 및 환경(코딩원리, 코딩오류, 코딩 스타일, uml과 코딩)",1,1,0,"{""q_id"": ""2015_34"", ""user_choice"": [4], ""correct_answer"": [4], ""is_correct"": true}"
64,2026-06-25 13:01:41.715469,SE,"4-g. 전자정부표준프레임워크, 스프링 프레임워크",1,1,0,"{""q_id"": ""2021_34"", ""user_choice"": [1], ""correct_answer"": [1], ""is_correct"": true}"
65,2026-06-25 13:02:15.034106,SE,"4-g. 전자정부표준프레임워크, 스프링 프레임워크",1,1,0,"{""q_id"": ""2017_37"", ""user_choice"": [1], ""correct_answer"": [1], ""is_correct"": true}"
66,2026-06-25 13:03:17.864695,PM,"1-a. 정보화 및 소프트웨어 관련 법령 및 고시, 가이드",1,1,0,"{""q_id"": ""2019_25"", ""user_choice"": [4], ""correct_answer"": [4], ""is_correct"": true}"
67,2026-06-25 13:03:51.247504,PM,"3-b. 인적 자원관리, 의사소통관리",1,1,0,"{""q_id"": ""2020_21"", ""user_choice"": [2], ""correct_answer"": [2], ""is_correct"": true}"
68,2026-06-25 13:04:48.338495,PM,"2-a. 전자정부법, 정보시스템 감리기준 등 감리 법제도",1,1,0,"{""q_id"": ""2021_15"", ""user_choice"": [3], ""correct_answer"": [3], ""is_correct"": true}"
69,2026-06-25 13:07:27.899201,PM,2-c. 정보시스템 감리 관련 가이드,1,1,0,"{""q_id"": ""2018_20"", ""user_choice"": [2], ""correct_answer"": [2], ""is_correct"": true}"
70,2026-06-25 13:11:51.16592,PM,4-b. 통합/범위/자원/일정/위험/품질/성과/조달/변화 관리 등,1,0,1,"{""q_id"": ""2020_13"", ""user_choice"": [1], ""correct_answer"": [2], ""is_correct"": false}"
71,2026-06-25 13:14:31.27617,PM,2-c. 정보시스템 감리 관련 가이드,1,1,0,"{""q_id"": ""2026_2"", ""user_choice"": [4], ""correct_answer"": [4], ""is_correct"": true}"
72,2026-06-25 13:16:23.141151,PM,"2-a. 전자정부법, 정보시스템 감리기준 등 감리 법제도",1,1,0,"{""q_id"": ""2016_15"", ""user_choice"": [3], ""correct_answer"": [3], ""is_correct"": true}"
73,2026-06-25 13:17:10.097885,PM,"1-a. 정보화 및 소프트웨어 관련 법령 및 고시, 가이드",1,1,0,"{""q_id"": ""2025_8"", ""user_choice"": [2], ""correct_answer"": [2], ""is_correct"": true}"
74,2026-06-25 13:17:43.832969,PM,[기타],1,1,0,"{""q_id"": ""2024_24"", ""user_choice"": [1], ""correct_answer"": [1], ""is_correct"": true}"
75,2026-06-25 13:18:22.275229,PM,[기타],1,1,0,"{""q_id"": ""2026_11"", ""user_choice"": [2], ""correct_answer"": [2], ""is_correct"": true}"
76,2026-06-25 13:19:29.077029,PM,2-c. 정보시스템 감리 관련 가이드,1,0,1,"{""q_id"": ""2018_19"", ""user_choice"": [3], ""correct_answer"": [4], ""is_correct"": false}"
77,2026-06-26 02:46:14.005447,SE,1-d. UML/SysML 모델링,1,1,0,"{""q_id"": ""2025_30"", ""user_choice"": [4], ""correct_answer"": [4], ""is_correct"": true}"
78,2026-06-26 03:15:04.230445,SE,1-f. 설계패턴,1,1,0,"{""q_id"": ""2025_48"", ""user_choice"": [1], ""correct_answer"": [1], ""is_correct"": true}"
79,2026-06-26 03:16:04.370759,SE,"2-a. 프로그래밍언어 및 환경(코딩원리, 코딩오류, 코딩 스타일, uml과 코딩)",1,1,0,"{""q_id"": ""2022_48"", ""user_choice"": [4], ""correct_answer"": [4], ""is_correct"": true}"
80,2026-06-26 04:39:37.930217,SE,"5-b. SW Process 품질(CMMi, SPICE, SP인증 등)",1,1,0,"{""q_id"": ""2018_34"", ""user_choice"": [2], ""correct_answer"": [2], ""is_correct"": true}"
81,2026-06-26 04:40:06.719232,SE,"2-a. 프로그래밍언어 및 환경(코딩원리, 코딩오류, 코딩 스타일, uml과 코딩)",1,1,0,"{""q_id"": ""2016_46"", ""user_choice"": [2], ""correct_answer"": [2], ""is_correct"": true}"
82,2026-06-26 04:40:25.615301,SE,2-e. 테스팅 방법 및 도구,1,1,0,"{""q_id"": ""2026_40"", ""user_choice"": [4], ""correct_answer"": [4], ""is_correct"": true}"
83,2026-06-26 05:02:40.545027,SE,1-b. 객체지향 개념,1,1,0,"{""q_id"": ""2015_49"", ""user_choice"": [3], ""correct_answer"": [3], ""is_correct"": true}"
84,2026-06-26 05:03:07.673768,SE,1-b. 객체지향 개념,1,1,0,"{""q_id"": ""2026_32"", ""user_choice"": [2], ""correct_answer"": [2], ""is_correct"": true}"
85,2026-06-26 05:08:19.246071,SE,1-c. 설계원리,1,1,0,"{""q_id"": ""2019_33"", ""user_choice"": [3], ""correct_answer"": [3], ""is_correct"": true}"
86,2026-06-26 05:08:55.480563,SE,1-d. UML/SysML 모델링,1,1,0,"{""q_id"": ""2023_26"", ""user_choice"": [4], ""correct_answer"": [4], ""is_correct"": true}"
87,2026-06-26 05:09:24.463969,SE,1-d. UML/SysML 모델링,1,0,1,"{""q_id"": ""2021_50"", ""user_choice"": [1], ""correct_answer"": [2], ""is_correct"": false}"
88,2026-06-26 05:17:11.670465,SE,2-e. 테스팅 방법 및 도구,1,1,0,"{""q_id"": ""2024_36"", ""user_choice"": [2], ""correct_answer"": [2], ""is_correct"": true}"
89,2026-06-26 05:18:12.623629,SE,1-b. 객체지향 개념,1,1,0,"{""q_id"": ""2022_45"", ""user_choice"": [3], ""correct_answer"": [3], ""is_correct"": true}"
90,2026-06-26 05:20:39.267599,SE,1-d. UML/SysML 모델링,1,1,0,"{""q_id"": ""2021_49"", ""user_choice"": [4], ""correct_answer"": [4], ""is_correct"": true}"
91,2026-06-26 05:27:36.074823,SE,1-d. UML/SysML 모델링,1,1,0,"{""q_id"": ""2019_44"", ""user_choice"": [1], ""correct_answer"": [1], ""is_correct"": true}"
92,2026-06-26 05:33:14.435794,SE,1-b. 객체지향 개념,1,1,0,"{""q_id"": ""2015_27"", ""user_choice"": [3], ""correct_answer"": [3], ""is_correct"": true}"
93,2026-06-26 05:34:32.160938,PM,[기타],1,1,0,"{""q_id"": ""2023_4"", ""user_choice"": [2], ""correct_answer"": [2], ""is_correct"": true}"
94,2026-06-26 05:36:20.981605,PM,"2-a. 전자정부법, 정보시스템 감리기준 등 감리 법제도",1,1,0,"{""q_id"": ""2017_14"", ""user_choice"": [1], ""correct_answer"": [1], ""is_correct"": true}"
95,2026-06-26 05:37:02.048451,PM,4-b. 통합/범위/자원/일정/위험/품질/성과/조달/변화 관리 등,1,1,0,"{""q_id"": ""2023_6"", ""user_choice"": [3], ""correct_answer"": [3], ""is_correct"": true}"
96,2026-06-26 05:39:36.558451,PM,"1-a. 정보화 및 소프트웨어 관련 법령 및 고시, 가이드",1,1,0,"{""q_id"": ""2021_22"", ""user_choice"": [4], ""correct_answer"": [4], ""is_correct"": true}"
97,2026-06-26 05:41:49.691131,PM,[기타],1,1,0,"{""q_id"": ""2021_2"", ""user_choice"": [1], ""correct_answer"": [1], ""is_correct"": true}"
98,2026-06-26 05:42:32.11733,PM,4-b. 통합/범위/자원/일정/위험/품질/성과/조달/변화 관리 등,1,1,0,"{""q_id"": ""2018_9"", ""user_choice"": [1], ""correct_answer"": [1], ""is_correct"": true}"
99,2026-06-26 05:42:37.74862,PM,4-b. 통합/범위/자원/일정/위험/품질/성과/조달/변화 관리 등,1,1,0,"{""q_id"": ""2018_9"", ""user_choice"": [1], ""correct_answer"": [1], ""is_correct"": true}"
100,2026-06-26 05:45:04.365048,PM,"3-a. 조직구조, 조직이론, 조직설계",1,1,0,"{""q_id"": ""2022_6"", ""user_choice"": [4], ""correct_answer"": [4], ""is_correct"": true}"
101,2026-06-26 05:53:31.014711,PM,[기타],1,0,1,"{""q_id"": ""2019_7"", ""user_choice"": [3], ""correct_answer"": [4], ""is_correct"": false}"
102,2026-06-26 05:53:54.043222,PM,[기타],1,0,1,"{""q_id"": ""2024_20"", ""user_choice"": [2], ""correct_answer"": [1], ""is_correct"": false}"
103,2026-06-26 05:54:21.268449,PM,[기타],1,0,1,"{""q_id"": ""2016_2"", ""user_choice"": [2], ""correct_answer"": [3], ""is_correct"": false}"
104,2026-06-26 05:55:15.907847,PM,"2-a. 전자정부법, 정보시스템 감리기준 등 감리 법제도",1,0,1,"{""q_id"": ""2021_24"", ""user_choice"": [4], ""correct_answer"": [1], ""is_correct"": false}"
105,2026-06-26 05:58:40.626841,PM,[기타],1,0,1,"{""q_id"": ""2015_6"", ""user_choice"": [2], ""correct_answer"": [3], ""is_correct"": false}"
106,2026-06-26 06:45:31.803089,SE,1-g. 사용자 인터페이스 설계,1,0,1,"{""q_id"": ""2019_39"", ""user_choice"": [1], ""correct_answer"": [2], ""is_correct"": false}"
107,2026-06-26 06:46:01.789672,SE,"5-b. SW Process 품질(CMMi, SPICE, SP인증 등)",1,1,0,"{""q_id"": ""2026_29"", ""user_choice"": [1], ""correct_answer"": [1], ""is_correct"": true}"
108,2026-06-26 06:46:13.498925,SE,"1-e. 아키텍처 스타일(계층구조, 클라이언트 서버, 트랜잭션 처리, mvc, 이벤트 중심 등)",1,1,0,"{""q_id"": ""2026_27"", ""user_choice"": [4], ""correct_answer"": [4], ""is_correct"": true}"
109,2026-06-26 06:49:15.242322,SE,1-b. 객체지향 개념,1,1,0,"{""q_id"": ""2017_47"", ""user_choice"": [2], ""correct_answer"": [2], ""is_correct"": true}"
110,2026-06-26 07:14:38.300458,SE,"1-a. 요구사항 도출, 요구사항 분석, 요구사항 명세, 요구사항 추적",1,1,0,"{""q_id"": ""2020_35"", ""user_choice"": [4], ""correct_answer"": [4], ""is_correct"": true}"
111,2026-06-26 07:15:07.145225,SE,"1-a. 요구사항 도출, 요구사항 분석, 요구사항 명세, 요구사항 추적",1,1,0,"{""q_id"": ""2023_34"", ""user_choice"": [1], ""correct_answer"": [1], ""is_correct"": true}"
112,2026-06-26 08:01:03.901556,SE,[기타],1,1,0,"{""q_id"": ""2025_47"", ""user_choice"": [3], ""correct_answer"": [3], ""is_correct"": true}"
113,2026-06-26 08:04:28.317362,SE,[기타],1,1,0,"{""q_id"": ""2016_33"", ""user_choice"": [1], ""correct_answer"": [1], ""is_correct"": true}"
114,2026-06-26 08:46:23.555163,SC,"1-a. 암호 알고리즘, 해쉬함수, 키관리, 암호 프로토콜 등 암호시스템",1,0,1,"{""q_id"": ""2024_116"", ""user_choice"": [2], ""correct_answer"": [3], ""is_correct"": false}"
115,2026-06-26 08:48:06.985342,SE,"1-a. 요구사항 도출, 요구사항 분석, 요구사항 명세, 요구사항 추적",1,1,0,"{""q_id"": ""2018_27"", ""user_choice"": [4], ""correct_answer"": [4], ""is_correct"": true}"
116,2026-06-26 08:48:41.323264,SE,"1-a. 요구사항 도출, 요구사항 분석, 요구사항 명세, 요구사항 추적",1,1,0,"{""q_id"": ""2022_49"", ""user_choice"": [3], ""correct_answer"": [3], ""is_correct"": true}"
117,2026-06-26 08:50:09.753369,SE,1-d. UML/SysML 모델링,1,1,0,"{""q_id"": ""2021_42"", ""user_choice"": [2], ""correct_answer"": [2], ""is_correct"": true}"
118,2026-06-26 09:03:04.747974,SE,1-d. UML/SysML 모델링,1,1,0,"{""q_id"": ""2026_28"", ""user_choice"": [3], ""correct_answer"": [3], ""is_correct"": true}"
119,2026-06-26 09:03:43.852032,SE,"1-a. 요구사항 도출, 요구사항 분석, 요구사항 명세, 요구사항 추적",1,1,0,"{""q_id"": ""2017_29"", ""user_choice"": [1], ""correct_answer"": [1], ""is_correct"": true}"
120,2026-06-26 09:08:42.156281,SE,1-d. UML/SysML 모델링,1,1,0,"{""q_id"": ""2023_40"", ""user_choice"": [2], ""correct_answer"": [2], ""is_correct"": true}"
121,2026-06-26 09:10:22.733444,SE,1-d. UML/SysML 모델링,1,1,0,"{""q_id"": ""2021_43"", ""user_choice"": [4], ""correct_answer"": [4], ""is_correct"": true}"
122,2026-06-26 09:11:27.080408,PM,[기타],1,1,0,"{""q_id"": ""2023_2"", ""user_choice"": [2], ""correct_answer"": [2], ""is_correct"": true}"
123,2026-06-26 09:12:33.733496,PM,"1-a. 정보화 및 소프트웨어 관련 법령 및 고시, 가이드",1,0,1,"{""q_id"": ""2015_16"", ""user_choice"": [4], ""correct_answer"": [3], ""is_correct"": false}"
124,2026-06-26 09:14:01.022059,PM,4-b. 통합/범위/자원/일정/위험/품질/성과/조달/변화 관리 등,1,0,1,"{""q_id"": ""2016_6"", ""user_choice"": [4], ""correct_answer"": [3], ""is_correct"": false}"
125,2026-06-26 09:15:34.534674,PM,"1-a. 정보화 및 소프트웨어 관련 법령 및 고시, 가이드",1,1,0,"{""q_id"": ""2023_15"", ""user_choice"": [4], ""correct_answer"": [4], ""is_correct"": true}"
126,2026-06-26 10:30:18.294949,SE,1-c. 설계원리,1,1,0,"{""q_id"": ""2019_29"", ""user_choice"": [3], ""correct_answer"": [3], ""is_correct"": true}"
127,2026-06-26 10:30:36.398867,SE,"5-b. SW Process 품질(CMMi, SPICE, SP인증 등)",1,1,0,"{""q_id"": ""2018_34"", ""user_choice"": [2], ""correct_answer"": [2], ""is_correct"": true}"
128,2026-06-26 10:31:34.318188,SE,"4-b. CBD, Agile, 데브 옵스, aop 등",1,1,0,"{""q_id"": ""2022_38"", ""user_choice"": [2], ""correct_answer"": [2], ""is_correct"": true}"
129,2026-06-26 10:32:26.87612,SE,1-c. 설계원리,1,1,0,"{""q_id"": ""2019_33"", ""user_choice"": [3], ""correct_answer"": [3], ""is_correct"": true}"
130,2026-06-26 10:33:56.209779,SE,1-c. 설계원리,1,1,0,"{""q_id"": ""2021_48"", ""user_choice"": [4], ""correct_answer"": [4], ""is_correct"": true}"
131,2026-06-26 10:36:17.684288,SE,1-d. UML/SysML 모델링,1,1,0,"{""q_id"": ""2021_43"", ""user_choice"": [4], ""correct_answer"": [4], ""is_correct"": true}"
132,2026-06-26 10:37:00.327444,SE,1-b. 객체지향 개념,1,1,0,"{""q_id"": ""2019_49"", ""user_choice"": [1], ""correct_answer"": [1], ""is_correct"": true}"
133,2026-06-26 10:41:18.063175,SE,"2-a. 프로그래밍언어 및 환경(코딩원리, 코딩오류, 코딩 스타일, uml과 코딩)",1,0,1,"{""q_id"": ""2026_48"", ""user_choice"": [2], ""correct_answer"": [4], ""is_correct"": false}"
134,2026-06-26 10:45:15.364191,SE,2-e. 테스팅 방법 및 도구,1,1,0,"{""q_id"": ""2023_27"", ""user_choice"": [4], ""correct_answer"": [4], ""is_correct"": true}"
135,2026-06-26 10:46:23.883669,SE,"1-a. 요구사항 도출, 요구사항 분석, 요구사항 명세, 요구사항 추적",1,1,0,"{""q_id"": ""2015_31"", ""user_choice"": [4], ""correct_answer"": [4], ""is_correct"": true}"
136,2026-06-26 10:53:57.957966,SE,1-d. UML/SysML 모델링,1,0,1,"{""q_id"": ""2025_44"", ""user_choice"": [3], ""correct_answer"": [4], ""is_correct"": false}"
137,2026-06-26 11:36:06.059996,SE,"1-a. 요구사항 도출, 요구사항 분석, 요구사항 명세, 요구사항 추적",1,1,0,"{""q_id"": ""2020_26"", ""user_choice"": [3], ""correct_answer"": [3], ""is_correct"": true}"
138,2026-06-26 11:38:22.986114,SE,"1-a. 요구사항 도출, 요구사항 분석, 요구사항 명세, 요구사항 추적",1,1,0,"{""q_id"": ""2016_26"", ""user_choice"": [4], ""correct_answer"": [4], ""is_correct"": true}"
139,2026-06-26 11:39:00.624762,SE,[기타],1,1,0,"{""q_id"": ""2018_44"", ""user_choice"": [1], ""correct_answer"": [1], ""is_correct"": true}"
140,2026-06-26 11:40:00.556966,SE,5-a. SW Product 품질,1,1,0,"{""q_id"": ""2025_31"", ""user_choice"": [2], ""correct_answer"": [2], ""is_correct"": true}"
141,2026-06-26 11:41:53.649471,SE,1-b. 객체지향 개념,1,0,1,"{""q_id"": ""2017_28"", ""user_choice"": [2], ""correct_answer"": [3], ""is_correct"": false}"
142,2026-06-26 11:52:34.486292,SE,1-c. 설계원리,1,1,0,"{""q_id"": ""2019_29"", ""user_choice"": [3], ""correct_answer"": [3], ""is_correct"": true}"
143,2026-06-26 11:53:54.890048,SE,3-a. 유지관리 개념 및 방법,1,1,0,"{""q_id"": ""2016_42"", ""user_choice"": [2], ""correct_answer"": [2], ""is_correct"": true}"
144,2026-06-26 11:54:18.873527,SE,"1-a. 요구사항 도출, 요구사항 분석, 요구사항 명세, 요구사항 추적",1,1,0,"{""q_id"": ""2020_35"", ""user_choice"": [4], ""correct_answer"": [4], ""is_correct"": true}"
145,2026-06-26 11:55:48.235766,SE,"1-a. 요구사항 도출, 요구사항 분석, 요구사항 명세, 요구사항 추적",1,1,0,"{""q_id"": ""2022_27"", ""user_choice"": [3], ""correct_answer"": [3], ""is_correct"": true}"
146,2026-06-26 11:56:06.027597,SE,1-b. 객체지향 개념,1,1,0,"{""q_id"": ""2024_41"", ""user_choice"": [1], ""correct_answer"": [1], ""is_correct"": true}"
147,2026-06-26 11:56:26.612914,SE,[기타],1,1,0,"{""q_id"": ""2025_47"", ""user_choice"": [3], ""correct_answer"": [3], ""is_correct"": true}"
148,2026-06-26 11:57:50.98858,SE,"1-a. 요구사항 도출, 요구사항 분석, 요구사항 명세, 요구사항 추적",1,1,0,"{""q_id"": ""2019_38"", ""user_choice"": [4], ""correct_answer"": [4], ""is_correct"": true}"
149,2026-06-26 12:04:59.646066,PM,2-c. 정보시스템 감리 관련 가이드,1,1,0,"{""q_id"": ""2024_11"", ""user_choice"": [2], ""correct_answer"": [2], ""is_correct"": true}"
150,2026-06-26 12:12:04.873076,PM,"3-a. 조직구조, 조직이론, 조직설계",1,0,1,"{""q_id"": ""2016_10"", ""user_choice"": [1], ""correct_answer"": [4], ""is_correct"": false}"
151,2026-06-26 12:12:38.795658,PM,4-b. 통합/범위/자원/일정/위험/품질/성과/조달/변화 관리 등,1,1,0,"{""q_id"": ""2025_22"", ""user_choice"": [1], ""correct_answer"": [1], ""is_correct"": true}"
152,2026-06-26 12:13:30.313701,PM,[기타],1,1,0,"{""q_id"": ""2023_5"", ""user_choice"": [1], ""correct_answer"": [1], ""is_correct"": true}"
153,2026-06-26 12:22:16.112372,PM,4-b. 통합/범위/자원/일정/위험/품질/성과/조달/변화 관리 등,1,1,0,"{""q_id"": ""2022_9"", ""user_choice"": [2], ""correct_answer"": [2], ""is_correct"": true}"
154,2026-06-26 12:25:42.593375,PM,"1-a. 정보화 및 소프트웨어 관련 법령 및 고시, 가이드",1,1,0,"{""q_id"": ""2016_21"", ""user_choice"": [3], ""correct_answer"": [3], ""is_correct"": true}"
155,2026-06-26 12:28:40.04838,PM,[기타],1,1,0,"{""q_id"": ""2016_8"", ""user_choice"": [2], ""correct_answer"": [2], ""is_correct"": true}"
156,2026-06-26 12:33:23.596125,PM,[기타],1,0,1,"{""q_id"": ""2022_18"", ""user_choice"": [4], ""correct_answer"": [2], ""is_correct"": false}"
157,2026-06-26 12:37:06.534883,PM,"2-a. 전자정부법, 정보시스템 감리기준 등 감리 법제도",1,1,0,"{""q_id"": ""2021_19"", ""user_choice"": [2], ""correct_answer"": [2], ""is_correct"": true}"
158,2026-06-26 12:38:05.879778,PM,"2-a. 전자정부법, 정보시스템 감리기준 등 감리 법제도",1,1,0,"{""q_id"": ""2020_2"", ""user_choice"": [2], ""correct_answer"": [2], ""is_correct"": true}"
159,2026-06-26 12:38:34.05892,PM,"1-a. 정보화 및 소프트웨어 관련 법령 및 고시, 가이드",1,1,0,"{""q_id"": ""2015_21"", ""user_choice"": [3], ""correct_answer"": [3], ""is_correct"": true}"
160,2026-06-26 12:38:49.479814,PM,"2-a. 전자정부법, 정보시스템 감리기준 등 감리 법제도",1,1,0,"{""q_id"": ""2024_14"", ""user_choice"": [3], ""correct_answer"": [3], ""is_correct"": true}"
161,2026-06-26 12:39:41.048635,PM,[기타],1,1,0,"{""q_id"": ""2026_14"", ""user_choice"": [3], ""correct_answer"": [3], ""is_correct"": true}"
162,2026-06-26 12:41:01.144687,PM,2-c. 정보시스템 감리 관련 가이드,1,1,0,"{""q_id"": ""2019_18"", ""user_choice"": [4], ""correct_answer"": [4], ""is_correct"": true}"
163,2026-06-26 12:42:13.764284,PM,"2-a. 전자정부법, 정보시스템 감리기준 등 감리 법제도",1,1,0,"{""q_id"": ""2018_25"", ""user_choice"": [1], ""correct_answer"": [1], ""is_correct"": true}"
164,2026-06-26 12:44:09.72538,SC,"2-a. 파이어월, IPS, VPN, ESM, NAC, 망분리, 무선보안 등 유무선 네트워크 보안 기술",1,1,0,"{""q_id"": ""2018_116"", ""user_choice"": [4], ""correct_answer"": [4], ""is_correct"": true}"
165,2026-06-26 12:45:55.587683,SE,"5-b. SW Process 품질(CMMi, SPICE, SP인증 등)",1,1,0,"{""q_id"": ""2015_42"", ""user_choice"": [3], ""correct_answer"": [3], ""is_correct"": true}"
166,2026-06-26 12:46:56.741728,SE,4-d. 클린 아키텍처,1,0,1,"{""q_id"": ""2025_26"", ""user_choice"": [4], ""correct_answer"": [3], ""is_correct"": false}"
167,2026-06-26 12:49:43.439722,SE,1-b. 객체지향 개념,1,1,0,"{""q_id"": ""2023_28"", ""user_choice"": [1], ""correct_answer"": [1], ""is_correct"": true}"
168,2026-06-26 12:50:02.169274,SE,"1-a. 요구사항 도출, 요구사항 분석, 요구사항 명세, 요구사항 추적",1,1,0,"{""q_id"": ""2022_41"", ""user_choice"": [2], ""correct_answer"": [2], ""is_correct"": true}"
169,2026-06-26 12:51:38.967642,SE,1-c. 설계원리,1,1,0,"{""q_id"": ""2019_33"", ""user_choice"": [3], ""correct_answer"": [3], ""is_correct"": true}"
170,2026-06-26 12:53:08.707098,SE,1-d. UML/SysML 모델링,1,1,0,"{""q_id"": ""2019_44"", ""user_choice"": [1], ""correct_answer"": [1], ""is_correct"": true}"
171,2026-06-26 12:53:41.506343,SE,"4-b. CBD, Agile, 데브 옵스, aop 등",1,1,0,"{""q_id"": ""2020_31"", ""user_choice"": [3], ""correct_answer"": [3], ""is_correct"": true}"
172,2026-06-26 12:58:36.027488,SE,1-b. 객체지향 개념,1,1,0,"{""q_id"": ""2024_41"", ""user_choice"": [1], ""correct_answer"": [1], ""is_correct"": true}"
173,2026-06-26 12:59:11.377506,SE,[기타],1,1,0,"{""q_id"": ""2026_30"", ""user_choice"": [3], ""correct_answer"": [3], ""is_correct"": true}"
174,2026-06-26 13:00:40.233713,SE,[기타],1,1,0,"{""q_id"": ""2016_29"", ""user_choice"": [2], ""correct_answer"": [2], ""is_correct"": true}"
175,2026-06-26 13:01:44.504032,SE,"1-a. 요구사항 도출, 요구사항 분석, 요구사항 명세, 요구사항 추적",1,1,0,"{""q_id"": ""2024_28"", ""user_choice"": [1], ""correct_answer"": [1], ""is_correct"": true}"
176,2026-06-26 13:02:18.543532,SE,"1-a. 요구사항 도출, 요구사항 분석, 요구사항 명세, 요구사항 추적",1,1,0,"{""q_id"": ""2016_50"", ""user_choice"": [1], ""correct_answer"": [1], ""is_correct"": true}"
177,2026-06-26 13:04:21.514888,SE,2-e. 테스팅 방법 및 도구,1,1,0,"{""q_id"": ""2017_38"", ""user_choice"": [3], ""correct_answer"": [3], ""is_correct"": true}"
178,2026-06-26 13:04:58.08515,SE,[기타],1,1,0,"{""q_id"": ""2016_33"", ""user_choice"": [1], ""correct_answer"": [1], ""is_correct"": true}"
179,2026-06-26 13:05:29.579475,SE,1-g. 사용자 인터페이스 설계,1,1,0,"{""q_id"": ""2016_44"", ""user_choice"": [3], ""correct_answer"": [3], ""is_correct"": true}"
180,2026-06-26 13:06:50.260444,SE,"1-a. 요구사항 도출, 요구사항 분석, 요구사항 명세, 요구사항 추적",1,1,0,"{""q_id"": ""2021_47"", ""user_choice"": [3], ""correct_answer"": [3], ""is_correct"": true}"
181,2026-06-26 13:09:55.856443,SE,"1-a. 요구사항 도출, 요구사항 분석, 요구사항 명세, 요구사항 추적",1,1,0,"{""q_id"": ""2025_43"", ""user_choice"": [1], ""correct_answer"": [1], ""is_correct"": true}"
182,2026-06-26 13:12:12.176445,SE,"1-a. 요구사항 도출, 요구사항 분석, 요구사항 명세, 요구사항 추적",1,1,0,"{""q_id"": ""2022_26"", ""user_choice"": [4], ""correct_answer"": [4], ""is_correct"": true}"
183,2026-06-26 14:07:28.315658,SE,1-d. UML/SysML 모델링,1,0,1,"{""q_id"": ""2026_34"", ""user_choice"": [3], ""correct_answer"": [4], ""is_correct"": false}"
184,2026-06-26 14:08:30.219015,SE,1-c. 설계원리,1,1,0,"{""q_id"": ""2016_27"", ""user_choice"": [2], ""correct_answer"": [2], ""is_correct"": true}"
185,2026-06-26 14:08:57.491621,SE,1-b. 객체지향 개념,1,1,0,"{""q_id"": ""2024_46"", ""user_choice"": [2], ""correct_answer"": [2], ""is_correct"": true}"
186,2026-06-26 14:09:19.212578,SE,"1-a. 요구사항 도출, 요구사항 분석, 요구사항 명세, 요구사항 추적",1,1,0,"{""q_id"": ""2021_47"", ""user_choice"": [3], ""correct_answer"": [3], ""is_correct"": true}"
187,2026-06-26 14:12:58.794386,SE,1-g. 사용자 인터페이스 설계,1,0,1,"{""q_id"": ""2020_42"", ""user_choice"": [2], ""correct_answer"": [4], ""is_correct"": false}"
188,2026-06-26 14:14:07.236128,SE,"3-d. 재사용, 재공학, 역공학, Refactoring",1,1,0,"{""q_id"": ""2019_47"", ""user_choice"": [4], ""correct_answer"": [4], ""is_correct"": true}"
189,2026-06-26 14:15:10.719538,SE,"3-d. 재사용, 재공학, 역공학, Refactoring",1,0,1,"{""q_id"": ""2017_40"", ""user_choice"": [1], ""correct_answer"": [2], ""is_correct"": false}"
190,2026-06-26 14:15:40.686304,SE,1-g. 사용자 인터페이스 설계,1,1,0,"{""q_id"": ""2016_44"", ""user_choice"": [3], ""correct_answer"": [3], ""is_correct"": true}"
191,2026-06-26 14:16:45.04203,SE,"3-d. 재사용, 재공학, 역공학, Refactoring",1,1,0,"{""q_id"": ""2021_41"", ""user_choice"": [3], ""correct_answer"": [3], ""is_correct"": true}"
192,2026-06-26 14:17:49.724296,PM,"1-a. 정보화 및 소프트웨어 관련 법령 및 고시, 가이드",1,1,0,"{""q_id"": ""2023_23"", ""user_choice"": [2], ""correct_answer"": [2], ""is_correct"": true}"
193,2026-06-26 14:18:28.928893,PM,"2-a. 전자정부법, 정보시스템 감리기준 등 감리 법제도",1,1,0,"{""q_id"": ""2016_19"", ""user_choice"": [2], ""correct_answer"": [2], ""is_correct"": true}"
194,2026-06-26 14:19:02.38525,PM,1-b. 계약 관련 법령 및 예규,1,1,0,"{""q_id"": ""2026_24"", ""user_choice"": [4], ""correct_answer"": [4], ""is_correct"": true}"
195,2026-06-26 14:19:39.710341,PM,"1-a. 정보화 및 소프트웨어 관련 법령 및 고시, 가이드",1,1,0,"{""q_id"": ""2024_5"", ""user_choice"": [2], ""correct_answer"": [2], ""is_correct"": true}"
196,2026-06-26 14:20:56.616771,PM,1-b. 계약 관련 법령 및 예규,1,0,1,"{""q_id"": ""2018_16"", ""user_choice"": [1], ""correct_answer"": [3], ""is_correct"": false}"
197,2026-06-26 14:21:52.567875,PM,1-b. 계약 관련 법령 및 예규,1,1,0,"{""q_id"": ""2017_5"", ""user_choice"": [2], ""correct_answer"": [2], ""is_correct"": true}"
198,2026-06-26 14:22:15.962747,PM,1-b. 계약 관련 법령 및 예규,1,1,0,"{""q_id"": ""2020_4"", ""user_choice"": [4], ""correct_answer"": [4], ""is_correct"": true}"
199,2026-06-26 14:23:10.184757,PM,1-c. 대가산정 관련 고시 및 가이드,1,0,1,"{""q_id"": ""2025_9"", ""user_choice"": [2], ""correct_answer"": [4], ""is_correct"": false}"
200,2026-06-26 14:24:30.043973,PM,1-c. 대가산정 관련 고시 및 가이드,1,0,1,"{""q_id"": ""2024_2"", ""user_choice"": [3], ""correct_answer"": [2], ""is_correct"": false}"
201,2026-06-26 14:26:15.591358,PM,1-b. 계약 관련 법령 및 예규,1,0,1,"{""q_id"": ""2021_16"", ""user_choice"": [3], ""correct_answer"": [2], ""is_correct"": false}"
202,2026-06-26 14:28:37.643098,PM,"1-a. 정보화 및 소프트웨어 관련 법령 및 고시, 가이드",1,0,1,"{""q_id"": ""2023_24"", ""user_choice"": [1], ""correct_answer"": [4], ""is_correct"": false}"
203,2026-06-26 14:29:42.057679,PM,"1-a. 정보화 및 소프트웨어 관련 법령 및 고시, 가이드",1,1,0,"{""q_id"": ""2017_21"", ""user_choice"": [2], ""correct_answer"": [2], ""is_correct"": true}"
204,2026-06-26 14:30:01.428107,PM,1-c. 대가산정 관련 고시 및 가이드,1,1,0,"{""q_id"": ""2021_20"", ""user_choice"": [3], ""correct_answer"": [3], ""is_correct"": true}"
205,2026-06-26 14:31:48.07169,SE,클래스 다이어그램 (UML),1,0,1,"{""q_id"": ""2026_28"", ""user_choice"": [2], ""correct_answer"": [3], ""is_correct"": false}"
206,2026-06-26 14:33:04.067532,SE,[기타],1,1,0,"{""q_id"": ""2026_39"", ""user_choice"": [3], ""correct_answer"": [3], ""is_correct"": true}"
207,2026-06-26 14:33:52.819066,SE,[기타],1,1,0,"{""q_id"": ""2016_47"", ""user_choice"": [1], ""correct_answer"": [1], ""is_correct"": true}"
208,2026-06-26 14:34:28.813736,SE,[기타],1,1,0,"{""q_id"": ""2019_27"", ""user_choice"": [3], ""correct_answer"": [3], ""is_correct"": true}"
209,2026-06-26 14:35:02.971828,SE,[기타],1,1,0,"{""q_id"": ""2025_44"", ""user_choice"": [4], ""correct_answer"": [4], ""is_correct"": true}"
210,2026-06-26 14:35:24.773019,SE,[기타],1,1,0,"{""q_id"": ""2021_34"", ""user_choice"": [1], ""correct_answer"": [1], ""is_correct"": true}"
211,2026-06-26 14:36:10.385098,SE,클래스 다이어그램 (UML),1,1,0,"{""q_id"": ""2017_30"", ""user_choice"": [2], ""correct_answer"": [2], ""is_correct"": true}"
212,2026-06-26 14:36:24.998135,SE,요구사항 분석 및 명세,1,1,0,"{""q_id"": ""2024_28"", ""user_choice"": [1], ""correct_answer"": [1], ""is_correct"": true}"
213,2026-06-26 14:36:50.644442,SE,[기타],1,1,0,"{""q_id"": ""2024_33"", ""user_choice"": [4], ""correct_answer"": [4], ""is_correct"": true}"
214,2026-06-26 14:38:57.947601,SE,[기타],1,1,0,"{""q_id"": ""2020_29"", ""user_choice"": [2], ""correct_answer"": [2], ""is_correct"": true}"
215,2026-06-26 14:39:46.440306,SE,ISO/IEC 25010 품질 표준,1,1,0,"{""q_id"": ""2021_33"", ""user_choice"": [2], ""correct_answer"": [2], ""is_correct"": true}"
216,2026-06-26 14:40:01.099623,SE,애자일 및 스크럼 방법론,1,1,0,"{""q_id"": ""2022_38"", ""user_choice"": [2], ""correct_answer"": [2], ""is_correct"": true}"
217,2026-06-26 14:40:56.444468,SE,리팩토링 기법 (Refactoring),1,1,0,"{""q_id"": ""2024_40"", ""user_choice"": [2], ""correct_answer"": [2], ""is_correct"": true}"
218,2026-06-26 14:41:12.218243,SE,클린 아키텍처 (Clean Architecture),1,1,0,"{""q_id"": ""2023_28"", ""user_choice"": [1], ""correct_answer"": [1], ""is_correct"": true}"
219,2026-06-26 14:41:35.060158,SE,형상 관리 활동 (식별/통제/감사/기록),1,1,0,"{""q_id"": ""2017_39"", ""user_choice"": [4], ""correct_answer"": [4], ""is_correct"": true}"
220,2026-06-26 14:42:45.299011,PM,소프트웨어사업 대가산정 가이드,1,1,0,"{""q_id"": ""2021_20"", ""user_choice"": [3], ""correct_answer"": [3], ""is_correct"": true}"
221,2026-06-26 14:43:24.952446,PM,[기타],1,1,0,"{""q_id"": ""2017_19"", ""user_choice"": [2], ""correct_answer"": [2], ""is_correct"": true}"
222,2026-06-26 14:43:37.981074,PM,[기타],1,1,0,"{""q_id"": ""2016_8"", ""user_choice"": [2], ""correct_answer"": [2], ""is_correct"": true}"
223,2026-06-26 14:44:11.616186,PM,[기타],1,1,0,"{""q_id"": ""2015_4"", ""user_choice"": [3], ""correct_answer"": [3], ""is_correct"": true}"
224,2026-06-26 14:45:14.987769,PM,소프트웨어 진흥법,1,1,0,"{""q_id"": ""2025_2"", ""user_choice"": [4], ""correct_answer"": [4], ""is_correct"": true}"
225,2026-06-26 14:46:12.033595,PM,정보시스템 감리기준 & 감리 수행 규격,1,1,0,"{""q_id"": ""2022_13"", ""user_choice"": [2], ""correct_answer"": [2], ""is_correct"": true}"
226,2026-06-26 14:46:52.895329,PM,PMBOK 프로젝트 관리 10대 지식 영역,1,1,0,"{""q_id"": ""2015_3"", ""user_choice"": [4], ""correct_answer"": [4], ""is_correct"": true}"
227,2026-06-26 14:48:08.077055,PM,정보시스템 감리기준 & 감리 수행 규격,1,1,0,"{""q_id"": ""2022_16"", ""user_choice"": [1], ""correct_answer"": [1], ""is_correct"": true}"
228,2026-06-26 20:44:04.471606,SE,"1-e. 아키텍처 스타일(계층구조, 클라이언트 서버, 트랜잭션 처리, mvc, 이벤트 중심 등)",1,1,0,"{""q_id"": ""2023_33"", ""user_choice"": [4], ""correct_answer"": [4], ""is_correct"": true}"
229,2026-06-26 20:44:33.385898,SE,2-e. 테스팅 방법 및 도구,1,1,0,"{""q_id"": ""2018_47"", ""user_choice"": [2], ""correct_answer"": [2], ""is_correct"": true}"
230,2026-06-26 20:45:56.07672,SE,5-a. SW Product 품질,1,1,0,"{""q_id"": ""2018_29"", ""user_choice"": [3], ""correct_answer"": [3], ""is_correct"": true}"
231,2026-06-26 20:46:32.719047,SE,"1-a. 요구사항 도출, 요구사항 분석, 요구사항 명세, 요구사항 추적",1,1,0,"{""q_id"": ""2023_37"", ""user_choice"": [1], ""correct_answer"": [1], ""is_correct"": true}"
232,2026-06-26 20:47:03.026068,SE,"1-e. 아키텍처 스타일(계층구조, 클라이언트 서버, 트랜잭션 처리, mvc, 이벤트 중심 등)",1,0,1,"{""q_id"": ""2020_27"", ""user_choice"": [3], ""correct_answer"": [4], ""is_correct"": false}"
233,2026-06-26 20:49:10.201651,SE,"1-a. 요구사항 도출, 요구사항 분석, 요구사항 명세, 요구사항 추적",1,1,0,"{""q_id"": ""2019_32"", ""user_choice"": [1], ""correct_answer"": [1], ""is_correct"": true}"
234,2026-06-26 20:49:38.079796,SE,[기타],1,1,0,"{""q_id"": ""2024_33"", ""user_choice"": [4], ""correct_answer"": [4], ""is_correct"": true}"
235,2026-06-26 20:50:01.019793,SE,[기타],1,0,1,"{""q_id"": ""2020_46"", ""user_choice"": [1], ""correct_answer"": [2], ""is_correct"": false}"
236,2026-06-26 20:50:50.845626,SE,"4-h. SOA, MSA",1,1,0,"{""q_id"": ""2016_47"", ""user_choice"": [1], ""correct_answer"": [1], ""is_correct"": true}"
237,2026-06-26 20:51:25.051819,SE,"2-a. 프로그래밍언어 및 환경(코딩원리, 코딩오류, 코딩 스타일, uml과 코딩)",1,1,0,"{""q_id"": ""2026_48"", ""user_choice"": [2], ""correct_answer"": [2], ""is_correct"": true}"
238,2026-06-26 20:51:51.510924,SE,"2-a. 프로그래밍언어 및 환경(코딩원리, 코딩오류, 코딩 스타일, uml과 코딩)",1,1,0,"{""q_id"": ""2016_46"", ""user_choice"": [2], ""correct_answer"": [2], ""is_correct"": true}"
239,2026-06-26 20:52:31.460181,SE,"1-a. 요구사항 도출, 요구사항 분석, 요구사항 명세, 요구사항 추적",1,0,1,"{""q_id"": ""2023_31"", ""user_choice"": [1], ""correct_answer"": [4], ""is_correct"": false}"
240,2026-06-26 20:55:22.814484,SE,[기타],1,1,0,"{""q_id"": ""2018_49"", ""user_choice"": [3], ""correct_answer"": [3], ""is_correct"": true}"
241,2026-06-26 20:56:40.521683,SE,"1-a. 요구사항 도출, 요구사항 분석, 요구사항 명세, 요구사항 추적",1,1,0,"{""q_id"": ""2019_38"", ""user_choice"": [4], ""correct_answer"": [4], ""is_correct"": true}"
242,2026-06-26 20:58:53.816091,SE,1-d. UML/SysML 모델링,1,1,0,"{""q_id"": ""2025_30"", ""user_choice"": [4], ""correct_answer"": [4], ""is_correct"": true}"
243,2026-06-26 21:00:03.235914,SE,[기타],1,0,1,"{""q_id"": ""2019_36"", ""user_choice"": [3], ""correct_answer"": [1], ""is_correct"": false}"
244,2026-06-26 21:00:49.578243,SE,[기타],1,1,0,"{""q_id"": ""2024_42"", ""user_choice"": [2], ""correct_answer"": [2], ""is_correct"": true}"
245,2026-06-26 21:01:17.699564,SE,"1-a. 요구사항 도출, 요구사항 분석, 요구사항 명세, 요구사항 추적",1,1,0,"{""q_id"": ""2022_41"", ""user_choice"": [2], ""correct_answer"": [2], ""is_correct"": true}"
246,2026-06-26 21:01:29.783632,SE,"1-e. 아키텍처 스타일(계층구조, 클라이언트 서버, 트랜잭션 처리, mvc, 이벤트 중심 등)",1,1,0,"{""q_id"": ""2017_33"", ""user_choice"": [3], ""correct_answer"": [3], ""is_correct"": true}"
247,2026-06-26 21:01:56.72746,SE,[기타],1,1,0,"{""q_id"": ""2020_32"", ""user_choice"": [3], ""correct_answer"": [3], ""is_correct"": true}"
248,2026-06-26 21:02:38.572256,SE,"4-b. CBD, Agile, 데브 옵스, aop 등",1,1,0,"{""q_id"": ""2026_46"", ""user_choice"": [1], ""correct_answer"": [1], ""is_correct"": true}"
249,2026-06-26 21:06:06.213776,SE,"1-a. 요구사항 도출, 요구사항 분석, 요구사항 명세, 요구사항 추적",1,0,1,"{""q_id"": ""2020_34"", ""user_choice"": [2], ""correct_answer"": [4], ""is_correct"": false}"
250,2026-06-26 21:07:08.851656,SE,1-d. UML/SysML 모델링,1,1,0,"{""q_id"": ""2017_30"", ""user_choice"": [2], ""correct_answer"": [2], ""is_correct"": true}"
251,2026-06-26 21:08:06.989721,SE,"3-c. ITSM, ITIL(SLA, SLM 등)",1,0,1,"{""q_id"": ""2020_38"", ""user_choice"": [2], ""correct_answer"": [1], ""is_correct"": false}"
252,2026-06-26 21:09:11.667461,SE,"1-e. 아키텍처 스타일(계층구조, 클라이언트 서버, 트랜잭션 처리, mvc, 이벤트 중심 등)",1,1,0,"{""q_id"": ""2015_48"", ""user_choice"": [2], ""correct_answer"": [2], ""is_correct"": true}"
253,2026-06-26 21:09:49.631604,SE,"1-a. 요구사항 도출, 요구사항 분석, 요구사항 명세, 요구사항 추적",1,1,0,"{""q_id"": ""2025_32"", ""user_choice"": [1], ""correct_answer"": [1], ""is_correct"": true}"
254,2026-06-26 21:10:21.835158,SE,1-d. UML/SysML 모델링,1,1,0,"{""q_id"": ""2023_40"", ""user_choice"": [2], ""correct_answer"": [2], ""is_correct"": true}"
255,2026-06-27 02:10:40.696067,PM,"3-b. 인적 자원관리, 의사소통관리",1,1,0,"{""q_id"": ""2018_5"", ""user_choice"": [4], ""correct_answer"": [4], ""is_correct"": true}"
256,2026-06-27 02:11:12.436533,PM,[기타],1,1,0,"{""q_id"": ""2026_11"", ""user_choice"": [2], ""correct_answer"": [2], ""is_correct"": true}"
257,2026-06-27 02:12:52.036734,PM,4-b. 통합/범위/자원/일정/위험/품질/성과/조달/변화 관리 등,1,1,0,"{""q_id"": ""2019_11"", ""user_choice"": [2], ""correct_answer"": [2], ""is_correct"": true}"
258,2026-06-27 02:15:05.808589,PM,"3-a. 조직구조, 조직이론, 조직설계",1,0,1,"{""q_id"": ""2020_14"", ""user_choice"": [1], ""correct_answer"": [4], ""is_correct"": false}"
259,2026-06-27 02:16:15.296171,PM,[기타],1,0,1,"{""q_id"": ""2015_6"", ""user_choice"": [2], ""correct_answer"": [3], ""is_correct"": false}"
260,2026-06-27 02:19:17.07032,PM,[기타],1,1,0,"{""q_id"": ""2017_6"", ""user_choice"": [4], ""correct_answer"": [4], ""is_correct"": true}"
261,2026-06-27 02:21:54.205708,PM,[기타],1,1,0,"{""q_id"": ""2023_5"", ""user_choice"": [1], ""correct_answer"": [1], ""is_correct"": true}"
262,2026-06-27 02:23:37.503718,PM,4-b. 통합/범위/자원/일정/위험/품질/성과/조달/변화 관리 등,1,0,1,"{""q_id"": ""2015_8"", ""user_choice"": [4], ""correct_answer"": [3], ""is_correct"": false}"
263,2026-06-27 02:26:34.818651,PM,2-c. 정보시스템 감리 관련 가이드,1,1,0,"{""q_id"": ""2023_13"", ""user_choice"": [3], ""correct_answer"": [3], ""is_correct"": true}"
264,2026-06-27 02:28:17.561293,PM,"2-a. 전자정부법, 정보시스템 감리기준 등 감리 법제도",1,1,0,"{""q_id"": ""2021_25"", ""user_choice"": [2], ""correct_answer"": [2], ""is_correct"": true}"
265,2026-06-27 02:28:45.453821,PM,[기타],1,1,0,"{""q_id"": ""2016_17"", ""user_choice"": [4], ""correct_answer"": [4], ""is_correct"": true}"
266,2026-06-27 02:29:23.017984,PM,"1-a. 정보화 및 소프트웨어 관련 법령 및 고시, 가이드",1,1,0,"{""q_id"": ""2020_6"", ""user_choice"": [1], ""correct_answer"": [1], ""is_correct"": true}"
267,2026-06-27 03:16:43.446219,SE,1-b. 객체지향 개념,1,1,0,"{""q_id"": ""2026_49"", ""user_choice"": [2], ""correct_answer"": [2], ""is_correct"": true}"
268,2026-06-27 03:17:09.747265,SE,2-e. 테스팅 방법 및 도구,1,0,1,"{""q_id"": ""2022_29"", ""user_choice"": [1], ""correct_answer"": [4], ""is_correct"": false}"
269,2026-06-27 03:18:44.054503,SE,"2-a. 프로그래밍언어 및 환경(코딩원리, 코딩오류, 코딩 스타일, uml과 코딩)",1,1,0,"{""q_id"": ""2015_34"", ""user_choice"": [4], ""correct_answer"": [4], ""is_correct"": true}"
270,2026-06-27 03:19:10.916541,SE,[기타],1,0,1,"{""q_id"": ""2023_44"", ""user_choice"": [1], ""correct_answer"": [2], ""is_correct"": false}"
271,2026-06-27 03:19:47.681447,SE,3-a. 유지관리 개념 및 방법,1,1,0,"{""q_id"": ""2021_38"", ""user_choice"": [1], ""correct_answer"": [1], ""is_correct"": true}"
272,2026-06-27 03:20:06.373173,SE,[기타],1,0,1,"{""q_id"": ""2026_42"", ""user_choice"": [3], ""correct_answer"": [4], ""is_correct"": false}"
273,2026-06-27 03:20:42.822047,SE,"3-d. 재사용, 재공학, 역공학, Refactoring",1,1,0,"{""q_id"": ""2016_40"", ""user_choice"": [2], ""correct_answer"": [2], ""is_correct"": true}"
274,2026-06-27 03:22:30.194442,SE,1-b. 객체지향 개념,1,1,0,"{""q_id"": ""2022_39"", ""user_choice"": [1], ""correct_answer"": [1], ""is_correct"": true}"
275,2026-06-27 03:23:01.892134,SE,1-b. 객체지향 개념,1,1,0,"{""q_id"": ""2021_40"", ""user_choice"": [2], ""correct_answer"": [2], ""is_correct"": true}"
276,2026-06-27 03:23:20.66003,SE,1-b. 객체지향 개념,1,1,0,"{""q_id"": ""2026_35"", ""user_choice"": [4], ""correct_answer"": [4], ""is_correct"": true}"
277,2026-06-27 03:24:19.363884,SE,"4-i. 웹서비스(SOAP, REST)",1,1,0,"{""q_id"": ""2023_36"", ""user_choice"": [4], ""correct_answer"": [4], ""is_correct"": true}"
278,2026-06-27 03:25:09.925178,SE,1-d. UML/SysML 모델링,1,1,0,"{""q_id"": ""2025_44"", ""user_choice"": [4], ""correct_answer"": [4], ""is_correct"": true}"
279,2026-06-27 03:26:05.024349,SE,5-a. SW Product 품질,1,0,1,"{""q_id"": ""2018_40"", ""user_choice"": [3], ""correct_answer"": [4], ""is_correct"": false}"
280,2026-06-27 03:27:24.698016,SE,"2-a. 프로그래밍언어 및 환경(코딩원리, 코딩오류, 코딩 스타일, uml과 코딩)",1,1,0,"{""q_id"": ""2022_48"", ""user_choice"": [4], ""correct_answer"": [4], ""is_correct"": true}"
281,2026-06-27 03:28:01.935447,SE,1-c. 설계원리,1,1,0,"{""q_id"": ""2022_50"", ""user_choice"": [4], ""correct_answer"": [4], ""is_correct"": true}"
282,2026-06-27 03:28:37.126351,SE,"1-a. 요구사항 도출, 요구사항 분석, 요구사항 명세, 요구사항 추적",1,1,0,"{""q_id"": ""2023_34"", ""user_choice"": [1], ""correct_answer"": [1], ""is_correct"": true}"
283,2026-06-27 03:55:44.699551,SE,[기타],1,1,0,"{""q_id"": ""2023_44"", ""user_choice"": [1], ""correct_answer"": [1], ""is_correct"": true}"
284,2026-06-27 03:56:10.028817,SE,"3-d. 재사용, 재공학, 역공학, Refactoring",1,0,1,"{""q_id"": ""2021_35"", ""user_choice"": [1], ""correct_answer"": [2], ""is_correct"": false}"
285,2026-06-27 03:57:46.271246,SE,"1-a. 요구사항 도출, 요구사항 분석, 요구사항 명세, 요구사항 추적",1,1,0,"{""q_id"": ""2018_33"", ""user_choice"": [3], ""correct_answer"": [3], ""is_correct"": true}"
286,2026-06-27 04:00:56.925447,SE,"1-e. 아키텍처 스타일(계층구조, 클라이언트 서버, 트랜잭션 처리, mvc, 이벤트 중심 등)",1,1,0,"{""q_id"": ""2015_47"", ""user_choice"": [4], ""correct_answer"": [4], ""is_correct"": true}"
287,2026-06-27 04:04:31.214867,SE,2-e. 테스팅 방법 및 도구,1,1,0,"{""q_id"": ""2026_40"", ""user_choice"": [4], ""correct_answer"": [4], ""is_correct"": true}"
288,2026-06-27 04:04:51.144264,SE,"1-a. 요구사항 도출, 요구사항 분석, 요구사항 명세, 요구사항 추적",1,1,0,"{""q_id"": ""2025_45"", ""user_choice"": [4], ""correct_answer"": [4], ""is_correct"": true}"
289,2026-06-27 04:05:27.536148,SE,"1-a. 요구사항 도출, 요구사항 분석, 요구사항 명세, 요구사항 추적",1,1,0,"{""q_id"": ""2024_26"", ""user_choice"": [4], ""correct_answer"": [4], ""is_correct"": true}"
290,2026-06-27 04:05:59.926265,SE,"1-a. 요구사항 도출, 요구사항 분석, 요구사항 명세, 요구사항 추적",1,1,0,"{""q_id"": ""2016_26"", ""user_choice"": [4], ""correct_answer"": [4], ""is_correct"": true}"
291,2026-06-27 04:06:18.772335,SE,"1-a. 요구사항 도출, 요구사항 분석, 요구사항 명세, 요구사항 추적",1,1,0,"{""q_id"": ""2017_29"", ""user_choice"": [1], ""correct_answer"": [1], ""is_correct"": true}"
292,2026-06-27 04:06:59.889263,SE,"1-a. 요구사항 도출, 요구사항 분석, 요구사항 명세, 요구사항 추적",1,1,0,"{""q_id"": ""2017_31"", ""user_choice"": [3], ""correct_answer"": [3], ""is_correct"": true}"
293,2026-06-27 04:07:27.97775,SE,"1-a. 요구사항 도출, 요구사항 분석, 요구사항 명세, 요구사항 추적",1,1,0,"{""q_id"": ""2017_32"", ""user_choice"": [4], ""correct_answer"": [4], ""is_correct"": true}"
294,2026-06-27 04:08:32.64244,SE,"1-a. 요구사항 도출, 요구사항 분석, 요구사항 명세, 요구사항 추적",1,0,1,"{""q_id"": ""2018_42"", ""user_choice"": [3], ""correct_answer"": [4], ""is_correct"": false}"
295,2026-06-27 04:13:49.222623,SE,"1-a. 요구사항 도출, 요구사항 분석, 요구사항 명세, 요구사항 추적",1,0,1,"{""q_id"": ""2019_26"", ""user_choice"": [3], ""correct_answer"": [4], ""is_correct"": false}"
296,2026-06-27 04:17:33.026705,SE,"1-a. 요구사항 도출, 요구사항 분석, 요구사항 명세, 요구사항 추적",1,0,1,"{""q_id"": ""2022_42"", ""user_choice"": [3], ""correct_answer"": [4], ""is_correct"": false}"
297,2026-06-27 04:17:59.741479,SE,"1-a. 요구사항 도출, 요구사항 분석, 요구사항 명세, 요구사항 추적",1,1,0,"{""q_id"": ""2019_32"", ""user_choice"": [1], ""correct_answer"": [1], ""is_correct"": true}"
298,2026-06-27 04:18:51.546328,SE,1-g. 사용자 인터페이스 설계,1,1,0,"{""q_id"": ""2020_42"", ""user_choice"": [2], ""correct_answer"": [2], ""is_correct"": true}"
299,2026-06-27 04:19:04.42206,SE,1-g. 사용자 인터페이스 설계,1,1,0,"{""q_id"": ""2016_44"", ""user_choice"": [3], ""correct_answer"": [3], ""is_correct"": true}"
300,2026-06-27 04:20:07.776116,SE,"2-a. 프로그래밍언어 및 환경(코딩원리, 코딩오류, 코딩 스타일, uml과 코딩)",1,1,0,"{""q_id"": ""2024_49"", ""user_choice"": [3], ""correct_answer"": [3], ""is_correct"": true}"
301,2026-06-27 04:20:34.212999,SE,"2-a. 프로그래밍언어 및 환경(코딩원리, 코딩오류, 코딩 스타일, uml과 코딩)",1,1,0,"{""q_id"": ""2016_45"", ""user_choice"": [4], ""correct_answer"": [4], ""is_correct"": true}"
302,2026-06-27 04:22:41.478758,SE,2-e. 테스팅 방법 및 도구,1,1,0,"{""q_id"": ""2025_46"", ""user_choice"": [3], ""correct_answer"": [3], ""is_correct"": true}"
303,2026-06-27 04:25:11.321672,SE,"4-b. CBD, Agile, 데브 옵스, aop 등",1,0,1,"{""q_id"": ""2019_37"", ""user_choice"": [2], ""correct_answer"": [4], ""is_correct"": false}"
304,2026-06-27 04:25:47.329665,SE,"4-i. 웹서비스(SOAP, REST)",1,1,0,"{""q_id"": ""2019_48"", ""user_choice"": [3], ""correct_answer"": [3], ""is_correct"": true}"
305,2026-06-27 04:26:12.911091,SE,1-b. 객체지향 개념,1,0,1,"{""q_id"": ""2015_29"", ""user_choice"": [1], ""correct_answer"": [2], ""is_correct"": false}"
306,2026-06-27 04:27:28.167049,SE,2-e. 테스팅 방법 및 도구,1,0,1,"{""q_id"": ""2025_28"", ""user_choice"": [1], ""correct_answer"": [3], ""is_correct"": false}"
307,2026-06-27 04:32:01.504291,SE,1-c. 설계원리,1,1,0,"{""q_id"": ""2015_40"", ""user_choice"": [3], ""correct_answer"": [3], ""is_correct"": true}"
308,2026-06-27 04:35:05.995804,SE,1-d. UML/SysML 모델링,1,0,1,"{""q_id"": ""2019_31"", ""user_choice"": [2], ""correct_answer"": [1], ""is_correct"": false}"
309,2026-06-27 04:39:57.201302,SE,"3-c. ITSM, ITIL(SLA, SLM 등)",1,0,1,"{""q_id"": ""2019_43"", ""user_choice"": [4], ""correct_answer"": [2], ""is_correct"": false}"
310,2026-06-27 04:44:28.565727,SE,"4-c. 프로세스 모델 : 폭포수, 프로타이핑, 점진적, 진화적, 나선형, v 모델, 스크럼 등",1,1,0,"{""q_id"": ""2015_26"", ""user_choice"": [1], ""correct_answer"": [1], ""is_correct"": true}"
311,2026-06-27 04:45:04.663586,SE,1-b. 객체지향 개념,1,1,0,"{""q_id"": ""2015_27"", ""user_choice"": [3], ""correct_answer"": [3], ""is_correct"": true}"
312,2026-06-27 04:45:53.227634,SE,"1-a. 요구사항 도출, 요구사항 분석, 요구사항 명세, 요구사항 추적",1,1,0,"{""q_id"": ""2015_41"", ""user_choice"": [4], ""correct_answer"": [4], ""is_correct"": true}"
313,2026-06-27 04:46:10.23,SE,3-a. 유지관리 개념 및 방법,1,1,0,"{""q_id"": ""2016_42"", ""user_choice"": [2], ""correct_answer"": [2], ""is_correct"": true}"
314,2026-06-27 04:46:31.049547,SE,"1-a. 요구사항 도출, 요구사항 분석, 요구사항 명세, 요구사항 추적",1,1,0,"{""q_id"": ""2019_38"", ""user_choice"": [4], ""correct_answer"": [4], ""is_correct"": true}"
315,2026-06-27 04:46:42.162005,SE,1-g. 사용자 인터페이스 설계,1,1,0,"{""q_id"": ""2018_35"", ""user_choice"": [4], ""correct_answer"": [4], ""is_correct"": true}"
316,2026-06-27 04:47:37.411644,SE,"1-e. 아키텍처 스타일(계층구조, 클라이언트 서버, 트랜잭션 처리, mvc, 이벤트 중심 등)",1,1,0,"{""q_id"": ""2022_32"", ""user_choice"": [1], ""correct_answer"": [1], ""is_correct"": true}"
317,2026-06-27 04:48:13.942896,SE,[기타],1,1,0,"{""q_id"": ""2026_47"", ""user_choice"": [4], ""correct_answer"": [4], ""is_correct"": true}"
318,2026-06-27 04:49:03.445964,SE,"3-d. 재사용, 재공학, 역공학, Refactoring",1,1,0,"{""q_id"": ""2022_31"", ""user_choice"": [2], ""correct_answer"": [2], ""is_correct"": true}"
319,2026-06-27 04:49:16.979591,SE,"1-a. 요구사항 도출, 요구사항 분석, 요구사항 명세, 요구사항 추적",1,1,0,"{""q_id"": ""2017_29"", ""user_choice"": [1], ""correct_answer"": [1], ""is_correct"": true}"
320,2026-06-27 04:54:27.318627,PM,"2-a. 전자정부법, 정보시스템 감리기준 등 감리 법제도",1,0,1,"{""q_id"": ""2018_23"", ""user_choice"": [2], ""correct_answer"": [3], ""is_correct"": false}"
321,2026-06-27 04:57:25.684118,PM,"1-a. 정보화 및 소프트웨어 관련 법령 및 고시, 가이드",1,1,0,"{""q_id"": ""2017_21"", ""user_choice"": [2], ""correct_answer"": [2], ""is_correct"": true}"
322,2026-06-27 04:58:30.182332,PM,[기타],1,1,0,"{""q_id"": ""2019_23"", ""user_choice"": [3], ""correct_answer"": [3], ""is_correct"": true}"
323,2026-06-27 04:59:14.279093,PM,4-b. 통합/범위/자원/일정/위험/품질/성과/조달/변화 관리 등,1,1,0,"{""q_id"": ""2026_25"", ""user_choice"": [1], ""correct_answer"": [1], ""is_correct"": true}"
324,2026-06-27 04:59:53.33704,PM,4-b. 통합/범위/자원/일정/위험/품질/성과/조달/변화 관리 등,1,1,0,"{""q_id"": ""2020_19"", ""user_choice"": [4], ""correct_answer"": [4], ""is_correct"": true}"
325,2026-06-27 05:56:20.51053,SE,1-g. 사용자 인터페이스 설계,1,0,1,"{""q_id"": ""2019_39"", ""user_choice"": [4], ""correct_answer"": [1], ""is_correct"": false}"
326,2026-06-27 06:08:21.273919,SE,"1-e. 아키텍처 스타일(계층구조, 클라이언트 서버, 트랜잭션 처리, mvc, 이벤트 중심 등)",1,1,0,"{""q_id"": ""2020_27"", ""user_choice"": [4], ""correct_answer"": [4], ""is_correct"": true}"
327,2026-06-27 06:09:49.69512,SE,1-g. 사용자 인터페이스 설계,1,1,0,"{""q_id"": ""2019_39"", ""user_choice"": [1], ""correct_answer"": [1], ""is_correct"": true}"
328,2026-06-27 06:10:53.108161,SE,"4-f. 분산커포넌트 기술, xml 등",1,1,0,"{""q_id"": ""2016_48"", ""user_choice"": [2], ""correct_answer"": [2], ""is_correct"": true}"
329,2026-06-27 06:11:29.255061,SE,3-a. 유지관리 개념 및 방법,1,1,0,"{""q_id"": ""2023_48"", ""user_choice"": [3], ""correct_answer"": [3], ""is_correct"": true}"
330,2026-06-27 06:11:48.082768,SE,"1-a. 요구사항 도출, 요구사항 분석, 요구사항 명세, 요구사항 추적",1,1,0,"{""q_id"": ""2024_28"", ""user_choice"": [1], ""correct_answer"": [1], ""is_correct"": true}"
331,2026-06-27 06:12:08.559734,SE,1-d. UML/SysML 모델링,1,1,0,"{""q_id"": ""2017_30"", ""user_choice"": [2], ""correct_answer"": [2], ""is_correct"": true}"
332,2026-06-27 06:12:25.023298,SE,1-b. 객체지향 개념,1,1,0,"{""q_id"": ""2024_31"", ""user_choice"": [1], ""correct_answer"": [1], ""is_correct"": true}"
333,2026-06-27 06:13:24.838622,SE,1-d. UML/SysML 모델링,1,1,0,"{""q_id"": ""2018_45"", ""user_choice"": [3], ""correct_answer"": [3], ""is_correct"": true}"
334,2026-06-27 06:14:17.352518,SE,3-b. 형상관리,1,0,1,"{""q_id"": ""2026_37"", ""user_choice"": [1], ""correct_answer"": [2], ""is_correct"": false}"
335,2026-06-27 06:14:52.225816,SE,"3-d. 재사용, 재공학, 역공학, Refactoring",1,0,1,"{""q_id"": ""2017_40"", ""user_choice"": [2], ""correct_answer"": [1], ""is_correct"": false}"
336,2026-06-27 06:15:19.056447,SE,"1-e. 아키텍처 스타일(계층구조, 클라이언트 서버, 트랜잭션 처리, mvc, 이벤트 중심 등)",1,1,0,"{""q_id"": ""2017_33"", ""user_choice"": [3], ""correct_answer"": [3], ""is_correct"": true}"
337,2026-06-27 06:15:33.910128,SE,"2-a. 프로그래밍언어 및 환경(코딩원리, 코딩오류, 코딩 스타일, uml과 코딩)",1,1,0,"{""q_id"": ""2016_46"", ""user_choice"": [2], ""correct_answer"": [2], ""is_correct"": true}"
338,2026-06-27 06:16:40.846021,SE,5-a. SW Product 품질,1,1,0,"{""q_id"": ""2022_46"", ""user_choice"": [4], ""correct_answer"": [4], ""is_correct"": true}"
339,2026-06-27 06:17:01.67664,SE,"1-a. 요구사항 도출, 요구사항 분석, 요구사항 명세, 요구사항 추적",1,1,0,"{""q_id"": ""2017_32"", ""user_choice"": [4], ""correct_answer"": [4], ""is_correct"": true}"
340,2026-06-27 06:17:18.992469,SE,"1-e. 아키텍처 스타일(계층구조, 클라이언트 서버, 트랜잭션 처리, mvc, 이벤트 중심 등)",1,1,0,"{""q_id"": ""2023_35"", ""user_choice"": [3], ""correct_answer"": [3], ""is_correct"": true}"
341,2026-06-27 06:18:28.320742,SE,2-e. 테스팅 방법 및 도구,1,1,0,"{""q_id"": ""2020_33"", ""user_choice"": [2], ""correct_answer"": [2], ""is_correct"": true}"
342,2026-06-27 06:18:53.307662,SE,[기타],1,1,0,"{""q_id"": ""2020_46"", ""user_choice"": [1], ""correct_answer"": [1], ""is_correct"": true}"
343,2026-06-27 06:19:29.456031,SE,2-e. 테스팅 방법 및 도구,1,1,0,"{""q_id"": ""2017_38"", ""user_choice"": [3], ""correct_answer"": [3], ""is_correct"": true}"
344,2026-06-27 06:19:41.904872,SE,"5-b. SW Process 품질(CMMi, SPICE, SP인증 등)",1,1,0,"{""q_id"": ""2026_29"", ""user_choice"": [1], ""correct_answer"": [1], ""is_correct"": true}"
345,2026-06-27 06:20:28.226942,SE,"1-a. 요구사항 도출, 요구사항 분석, 요구사항 명세, 요구사항 추적",1,1,0,"{""q_id"": ""2017_31"", ""user_choice"": [3], ""correct_answer"": [3], ""is_correct"": true}"
346,2026-06-27 06:30:58.013367,DB,1-a. 데이터베이스 시스템 개념 및 이론,1,0,1,"{""q_id"": ""2026_67"", ""user_choice"": [3], ""correct_answer"": [2], ""is_correct"": false}"
347,2026-06-27 06:31:03.524144,DB,1-a. 데이터베이스 시스템 개념 및 이론,1,1,0,"{""q_id"": ""2026_67"", ""user_choice"": [2], ""correct_answer"": [2], ""is_correct"": true}"
348,2026-06-27 06:31:10.924782,DB,1-a. 데이터베이스 시스템 개념 및 이론,1,1,0,"{""q_id"": ""2018_74"", ""user_choice"": [3], ""correct_answer"": [3], ""is_correct"": true}"
349,2026-06-27 06:31:17.363725,DB,1-a. 데이터베이스 시스템 개념 및 이론,1,1,0,"{""q_id"": ""2016_64"", ""user_choice"": [2], ""correct_answer"": [2], ""is_correct"": true}"
350,2026-06-27 06:31:23.433619,DB,"1-b. 데이터 모델의 개념, 관계형/객체지향 DB",1,1,0,"{""q_id"": ""2026_52"", ""user_choice"": [4], ""correct_answer"": [4], ""is_correct"": true}"
351,2026-06-27 06:31:28.102978,DB,"1-b. 데이터 모델의 개념, 관계형/객체지향 DB",1,1,0,"{""q_id"": ""2025_60"", ""user_choice"": [4], ""correct_answer"": [4], ""is_correct"": true}"
352,2026-06-27 06:32:24.487747,DB,1-a. 데이터베이스 시스템 개념 및 이론,1,1,0,"{""q_id"": ""2026_67"", ""user_choice"": [2], ""correct_answer"": [2], ""is_correct"": true}"
353,2026-06-27 06:35:28.229575,DB,1-a. 데이터베이스 시스템 개념 및 이론,1,1,0,"{""q_id"": ""2026_67"", ""user_choice"": [2], ""correct_answer"": [2], ""is_correct"": true}"
354,2026-06-27 06:36:07.738973,DB,1-a. 데이터베이스 시스템 개념 및 이론,1,1,0,"{""q_id"": ""2026_67"", ""user_choice"": [2], ""correct_answer"": [2], ""is_correct"": true}"
355,2026-06-27 06:36:30.354683,DB,1-a. 데이터베이스 시스템 개념 및 이론,1,1,0,"{""q_id"": ""2026_67"", ""user_choice"": [2], ""correct_answer"": [2], ""is_correct"": true}"
356,2026-06-27 06:36:47.905911,DB,1-a. 데이터베이스 시스템 개념 및 이론,1,1,0,"{""q_id"": ""2026_67"", ""user_choice"": [2], ""correct_answer"": [2], ""is_correct"": true}"
357,2026-06-27 06:36:59.437714,DB,1-a. 데이터베이스 시스템 개념 및 이론,1,1,0,"{""q_id"": ""2026_67"", ""user_choice"": [2], ""correct_answer"": [2], ""is_correct"": true}"
358,2026-06-27 06:38:47.867363,DB,"2-b. SQL, 내장SQL, 절차형 SQL, ODBC/JDBC 등",1,1,0,"{""q_id"": ""2019_68"", ""user_choice"": [4], ""correct_answer"": [4], ""is_correct"": true}"
359,2026-06-27 06:39:51.835938,DB,2-a. 관계대수,1,1,0,"{""q_id"": ""2020_51"", ""user_choice"": [1], ""correct_answer"": [1], ""is_correct"": true}"
360,2026-06-27 06:44:24.915365,SE,1-b. 객체지향 개념,1,1,0,"{""q_id"": ""2026_49"", ""user_choice"": [2], ""correct_answer"": [2], ""is_correct"": true}"
361,2026-06-27 06:44:34.674813,SE,1-b. 객체지향 개념,1,1,0,"{""q_id"": ""2026_35"", ""user_choice"": [4], ""correct_answer"": [4], ""is_correct"": true}"
362,2026-06-27 06:44:40.644188,SE,1-b. 객체지향 개념,1,1,0,"{""q_id"": ""2026_35"", ""user_choice"": [4], ""correct_answer"": [4], ""is_correct"": true}"
363,2026-06-27 06:44:46.056653,SE,1-b. 객체지향 개념,1,1,0,"{""q_id"": ""2026_35"", ""user_choice"": [4], ""correct_answer"": [4], ""is_correct"": true}"
364,2026-06-27 06:44:54.943932,SE,1-b. 객체지향 개념,1,1,0,"{""q_id"": ""2026_35"", ""user_choice"": [4], ""correct_answer"": [4], ""is_correct"": true}"
365,2026-06-27 06:49:31.055854,DB,"1-b. 데이터 모델의 개념, 관계형/객체지향 DB",1,1,0,"{""q_id"": ""2017_54"", ""user_choice"": [4], ""correct_answer"": [4], ""is_correct"": true}"
366,2026-06-27 06:50:07.865719,DB,"2-b. SQL, 내장SQL, 절차형 SQL, ODBC/JDBC 등",1,1,0,"{""q_id"": ""2022_66"", ""user_choice"": [4], ""correct_answer"": [4], ""is_correct"": true}"
367,2026-06-27 06:53:02.265728,DB,"2-b. SQL, 내장SQL, 절차형 SQL, ODBC/JDBC 등",1,1,0,"{""q_id"": ""2022_66"", ""user_choice"": [4], ""correct_answer"": [4], ""is_correct"": true}"
368,2026-06-27 06:53:45.502209,DB,"2-b. SQL, 내장SQL, 절차형 SQL, ODBC/JDBC 등",1,1,0,"{""q_id"": ""2022_66"", ""user_choice"": [4], ""correct_answer"": [4], ""is_correct"": true}"
369,2026-06-27 09:44:24.007159,SE,[기타],1,1,0,"{""q_id"": ""2026_30"", ""user_choice"": [3], ""correct_answer"": [3], ""is_correct"": true}"
370,2026-06-27 09:45:13.711028,SE,2-e. 테스팅 방법 및 도구,1,1,0,"{""q_id"": ""2020_29"", ""user_choice"": [2], ""correct_answer"": [2], ""is_correct"": true}"
371,2026-06-27 09:45:30.667786,SE,3-a. 유지관리 개념 및 방법,1,1,0,"{""q_id"": ""2025_27"", ""user_choice"": [1], ""correct_answer"": [1], ""is_correct"": true}"
372,2026-06-27 09:45:49.826302,SE,1-b. 객체지향 개념,1,1,0,"{""q_id"": ""2024_30"", ""user_choice"": [3], ""correct_answer"": [3], ""is_correct"": true}"
373,2026-06-27 09:46:08.913916,SE,"4-b. CBD, Agile, 데브 옵스, aop 등",1,1,0,"{""q_id"": ""2019_37"", ""user_choice"": [4], ""correct_answer"": [4], ""is_correct"": true}"
374,2026-06-27 09:48:49.28749,SE,1-d. UML/SysML 모델링,1,0,1,"{""q_id"": ""2017_49"", ""user_choice"": [3], ""correct_answer"": [2], ""is_correct"": false}"
375,2026-06-27 09:52:07.116031,SE,4-d. 클린 아키텍처,1,1,0,"{""q_id"": ""2025_26"", ""user_choice"": [3], ""correct_answer"": [3], ""is_correct"": true}"
376,2026-06-27 09:52:41.477659,SE,"1-a. 요구사항 도출, 요구사항 분석, 요구사항 명세, 요구사항 추적",1,1,0,"{""q_id"": ""2024_28"", ""user_choice"": [1], ""correct_answer"": [1], ""is_correct"": true}"
377,2026-06-27 09:53:05.258093,SE,"1-a. 요구사항 도출, 요구사항 분석, 요구사항 명세, 요구사항 추적",1,1,0,"{""q_id"": ""2025_43"", ""user_choice"": [1], ""correct_answer"": [1], ""is_correct"": true}"
378,2026-06-27 09:53:27.790972,SE,1-b. 객체지향 개념,1,1,0,"{""q_id"": ""2026_49"", ""user_choice"": [2], ""correct_answer"": [2], ""is_correct"": true}"
379,2026-06-27 09:53:46.026274,SE,"3-d. 재사용, 재공학, 역공학, Refactoring",1,1,0,"{""q_id"": ""2021_35"", ""user_choice"": [1], ""correct_answer"": [1], ""is_correct"": true}"
380,2026-06-27 09:54:26.900608,SE,1-b. 객체지향 개념,1,1,0,"{""q_id"": ""2026_35"", ""user_choice"": [4], ""correct_answer"": [4], ""is_correct"": true}"
381,2026-06-27 12:17:47.11382,SE,1-b. 객체지향 개념,1,1,0,"{""q_id"": ""2024_38"", ""user_choice"": [2], ""correct_answer"": [2], ""is_correct"": true}"
382,2026-06-27 12:19:18.498928,SE,4-j. 오픈소스 개념 및 활용방법,1,1,0,"{""q_id"": ""2020_37"", ""user_choice"": [1], ""correct_answer"": [1], ""is_correct"": true}"
383,2026-06-27 12:20:10.314504,SE,1-c. 설계원리,1,1,0,"{""q_id"": ""2015_40"", ""user_choice"": [3], ""correct_answer"": [3], ""is_correct"": true}"
384,2026-06-27 12:20:37.389836,SE,"1-a. 요구사항 도출, 요구사항 분석, 요구사항 명세, 요구사항 추적",1,1,0,"{""q_id"": ""2020_35"", ""user_choice"": [4], ""correct_answer"": [4], ""is_correct"": true}"
385,2026-06-27 12:20:59.184995,SE,1-b. 객체지향 개념,1,1,0,"{""q_id"": ""2015_29"", ""user_choice"": [1], ""correct_answer"": [1], ""is_correct"": true}"
386,2026-06-27 12:22:02.998097,PM,4-a. 프로젝트관리 관련 표준 및 가이드,1,1,0,"{""q_id"": ""2015_3"", ""user_choice"": [4], ""correct_answer"": [4], ""is_correct"": true}"
387,2026-06-27 12:24:54.397926,PM,4-b. 통합/범위/자원/일정/위험/품질/성과/조달/변화 관리 등,1,0,1,"{""q_id"": ""2020_20"", ""user_choice"": [3], ""correct_answer"": [4], ""is_correct"": false}"
388,2026-06-27 12:27:04.580951,PM,4-b. 통합/범위/자원/일정/위험/품질/성과/조달/변화 관리 등,1,1,0,"{""q_id"": ""2021_3"", ""user_choice"": [3], ""correct_answer"": [3], ""is_correct"": true}"
389,2026-06-27 12:27:39.24211,PM,"3-b. 인적 자원관리, 의사소통관리",1,0,1,"{""q_id"": ""2015_11"", ""user_choice"": [1], ""correct_answer"": [2], ""is_correct"": false}"
390,2026-06-27 12:28:36.656963,PM,"2-a. 전자정부법, 정보시스템 감리기준 등 감리 법제도",1,1,0,"{""q_id"": ""2021_14"", ""user_choice"": [1], ""correct_answer"": [1], ""is_correct"": true}"
391,2026-06-27 12:29:38.058138,PM,4-b. 통합/범위/자원/일정/위험/품질/성과/조달/변화 관리 등,1,1,0,"{""q_id"": ""2026_12"", ""user_choice"": [3], ""correct_answer"": [3], ""is_correct"": true}"
392,2026-06-27 12:30:01.177796,PM,"3-a. 조직구조, 조직이론, 조직설계",1,1,0,"{""q_id"": ""2019_12"", ""user_choice"": [3], ""correct_answer"": [3], ""is_correct"": true}"
393,2026-06-27 12:33:54.075126,PM,[기타],1,1,0,"{""q_id"": ""2023_7"", ""user_choice"": [2], ""correct_answer"": [2], ""is_correct"": true}"
394,2026-06-27 12:35:48.700364,PM,"2-a. 전자정부법, 정보시스템 감리기준 등 감리 법제도",1,1,0,"{""q_id"": ""2016_11"", ""user_choice"": [4], ""correct_answer"": [4], ""is_correct"": true}"
395,2026-06-27 12:38:50.242547,PM,[기타],1,0,1,"{""q_id"": ""2019_4"", ""user_choice"": [4], ""correct_answer"": [3], ""is_correct"": false}"
396,2026-06-28 00:58:48.576137,SE,"3-d. 재사용, 재공학, 역공학, Refactoring",1,0,1,"{""q_id"": ""2018_38"", ""user_choice"": [1], ""correct_answer"": [2], ""is_correct"": false}"
397,2026-06-28 00:59:14.946024,SE,"2-a. 프로그래밍언어 및 환경(코딩원리, 코딩오류, 코딩 스타일, uml과 코딩)",1,1,0,"{""q_id"": ""2016_46"", ""user_choice"": [2], ""correct_answer"": [2], ""is_correct"": true}"
398,2026-06-28 00:59:36.725812,SE,1-d. UML/SysML 모델링,1,1,0,"{""q_id"": ""2015_30"", ""user_choice"": [1], ""correct_answer"": [1, 2], ""is_correct"": true}"
399,2026-06-28 01:00:54.383858,SE,2-e. 테스팅 방법 및 도구,1,1,0,"{""q_id"": ""2018_30"", ""user_choice"": [3], ""correct_answer"": [3], ""is_correct"": true}"
400,2026-06-28 01:01:29.195581,SE,[기타],1,1,0,"{""q_id"": ""2019_36"", ""user_choice"": [3], ""correct_answer"": [3], ""is_correct"": true}"
401,2026-06-28 01:01:56.220582,SE,"2-a. 프로그래밍언어 및 환경(코딩원리, 코딩오류, 코딩 스타일, uml과 코딩)",1,1,0,"{""q_id"": ""2024_49"", ""user_choice"": [3], ""correct_answer"": [3], ""is_correct"": true}"
402,2026-06-28 01:02:20.241054,SE,1-b. 객체지향 개념,1,1,0,"{""q_id"": ""2026_32"", ""user_choice"": [2], ""correct_answer"": [2], ""is_correct"": true}"
403,2026-06-28 01:02:39.264745,SE,1-b. 객체지향 개념,1,1,0,"{""q_id"": ""2024_46"", ""user_choice"": [2], ""correct_answer"": [2], ""is_correct"": true}"
404,2026-06-28 01:02:57.527857,SE,"1-a. 요구사항 도출, 요구사항 분석, 요구사항 명세, 요구사항 추적",1,1,0,"{""q_id"": ""2025_45"", ""user_choice"": [4], ""correct_answer"": [4], ""is_correct"": true}"
405,2026-06-28 01:03:11.298641,SE,1-b. 객체지향 개념,1,1,0,"{""q_id"": ""2024_41"", ""user_choice"": [1], ""correct_answer"": [1], ""is_correct"": true}"
406,2026-06-28 01:03:36.750944,SE,1-d. UML/SysML 모델링,1,1,0,"{""q_id"": ""2021_49"", ""user_choice"": [4], ""correct_answer"": [4], ""is_correct"": true}"
407,2026-06-28 01:18:23.434696,SE,"3-d. 재사용, 재공학, 역공학, Refactoring",1,1,0,"{""q_id"": ""2024_27"", ""user_choice"": [3], ""correct_answer"": [3], ""is_correct"": true}"
408,2026-06-28 01:18:55.505452,SE,1-b. 객체지향 개념,1,1,0,"{""q_id"": ""2026_49"", ""user_choice"": [2], ""correct_answer"": [2], ""is_correct"": true}"
409,2026-06-28 01:19:28.284921,SE,1-f. 설계패턴,1,1,0,"{""q_id"": ""2020_43"", ""user_choice"": [1], ""correct_answer"": [1], ""is_correct"": true}"
410,2026-06-28 01:21:32.263655,SE,"4-b. CBD, Agile, 데브 옵스, aop 등",1,1,0,"{""q_id"": ""2026_46"", ""user_choice"": [1], ""correct_answer"": [1], ""is_correct"": true}"
411,2026-06-28 01:21:39.189176,DB,1-a. 데이터베이스 시스템 개념 및 이론,1,1,0,"{""q_id"": ""2026_67"", ""user_choice"": [2], ""correct_answer"": [2], ""is_correct"": true}"
412,2026-06-28 01:22:14.550435,SE,"4-i. 웹서비스(SOAP, REST)",1,1,0,"{""q_id"": ""2021_33"", ""user_choice"": [2], ""correct_answer"": [2], ""is_correct"": true}"
413,2026-06-28 01:22:49.225809,SE,1-c. 설계원리,1,1,0,"{""q_id"": ""2016_27"", ""user_choice"": [2], ""correct_answer"": [2], ""is_correct"": true}"
414,2026-06-28 01:23:20.109966,SE,"1-a. 요구사항 도출, 요구사항 분석, 요구사항 명세, 요구사항 추적",1,1,0,"{""q_id"": ""2020_34"", ""user_choice"": [2], ""correct_answer"": [2], ""is_correct"": true}"
415,2026-06-28 01:24:14.802674,SE,1-d. UML/SysML 모델링,1,0,1,"{""q_id"": ""2026_31"", ""user_choice"": [1], ""correct_answer"": [2], ""is_correct"": false}"
416,2026-06-28 01:24:20.346589,DB,1-a. 데이터베이스 시스템 개념 및 이론,1,0,1,"{""q_id"": ""2026_67"", ""user_choice"": [1], ""correct_answer"": [2], ""is_correct"": false}"
417,2026-06-28 01:24:28.426778,DB,1-a. 데이터베이스 시스템 개념 및 이론,1,1,0,"{""q_id"": ""2026_67"", ""user_choice"": [2], ""correct_answer"": [2], ""is_correct"": true}"
418,2026-06-28 01:29:51.850179,SE,1-b. 객체지향 개념,1,1,0,"{""q_id"": ""2020_41"", ""user_choice"": [3], ""correct_answer"": [3], ""is_correct"": true}"
419,2026-06-28 01:30:23.558101,SE,5-a. SW Product 품질,1,1,0,"{""q_id"": ""2025_31"", ""user_choice"": [2], ""correct_answer"": [2], ""is_correct"": true}"
420,2026-06-28 01:30:33.374004,SE,5-a. SW Product 품질,1,1,0,"{""q_id"": ""2025_31"", ""user_choice"": [2], ""correct_answer"": [2], ""is_correct"": true}"
421,2026-06-28 01:30:38.621594,SE,5-a. SW Product 품질,1,1,0,"{""q_id"": ""2025_31"", ""user_choice"": [2], ""correct_answer"": [2], ""is_correct"": true}"
422,2026-06-28 01:30:43.733259,SE,5-a. SW Product 품질,1,1,0,"{""q_id"": ""2025_31"", ""user_choice"": [2], ""correct_answer"": [2], ""is_correct"": true}"
423,2026-06-28 01:30:53.758867,SE,5-a. SW Product 품질,1,1,0,"{""q_id"": ""2025_31"", ""user_choice"": [2], ""correct_answer"": [2], ""is_correct"": true}"
424,2026-06-28 01:31:02.281371,SE,5-a. SW Product 품질,1,1,0,"{""q_id"": ""2025_31"", ""user_choice"": [2], ""correct_answer"": [2], ""is_correct"": true}"
425,2026-06-28 01:31:09.446749,SE,5-a. SW Product 품질,1,1,0,"{""q_id"": ""2025_31"", ""user_choice"": [2], ""correct_answer"": [2], ""is_correct"": true}"
426,2026-06-28 01:31:14.731029,SE,5-a. SW Product 품질,1,1,0,"{""q_id"": ""2025_31"", ""user_choice"": [2], ""correct_answer"": [2], ""is_correct"": true}"
427,2026-06-28 01:31:19.968234,SE,5-a. SW Product 품질,1,1,0,"{""q_id"": ""2025_31"", ""user_choice"": [2], ""correct_answer"": [2], ""is_correct"": true}"
428,2026-06-28 01:31:28.394799,SE,5-a. SW Product 품질,1,1,0,"{""q_id"": ""2025_31"", ""user_choice"": [2], ""correct_answer"": [2], ""is_correct"": true}"
429,2026-06-28 01:34:50.720474,SE,"1-a. 요구사항 도출, 요구사항 분석, 요구사항 명세, 요구사항 추적",1,1,0,"{""q_id"": ""2025_43"", ""user_choice"": [1], ""correct_answer"": [1], ""is_correct"": true}"
430,2026-06-28 01:36:05.151004,SE,"1-a. 요구사항 도출, 요구사항 분석, 요구사항 명세, 요구사항 추적",1,1,0,"{""q_id"": ""2025_43"", ""user_choice"": [1], ""correct_answer"": [1], ""is_correct"": true}"
431,2026-06-28 01:44:18.560248,SE,"1-a. 요구사항 도출, 요구사항 분석, 요구사항 명세, 요구사항 추적",1,1,0,"{""q_id"": ""2025_45"", ""user_choice"": [4], ""correct_answer"": [4], ""is_correct"": true}"
432,2026-06-28 01:45:37.939616,SE,2-e. 테스팅 방법 및 도구,1,0,1,"{""q_id"": ""2021_44"", ""user_choice"": [1], ""correct_answer"": [2], ""is_correct"": false}"
433,2026-06-28 01:46:00.605068,SE,2-e. 테스팅 방법 및 도구,1,1,0,"{""q_id"": ""2021_44"", ""user_choice"": [1], ""correct_answer"": [1], ""is_correct"": true}"
434,2026-06-28 01:46:06.609097,SE,2-e. 테스팅 방법 및 도구,1,1,0,"{""q_id"": ""2021_44"", ""user_choice"": [1], ""correct_answer"": [1], ""is_correct"": true}"
435,2026-06-28 01:46:17.065796,SE,2-e. 테스팅 방법 및 도구,1,1,0,"{""q_id"": ""2021_44"", ""user_choice"": [1], ""correct_answer"": [1], ""is_correct"": true}"
436,2026-06-28 01:46:24.112361,SE,2-e. 테스팅 방법 및 도구,1,1,0,"{""q_id"": ""2021_44"", ""user_choice"": [1], ""correct_answer"": [1], ""is_correct"": true}"
437,2026-06-28 01:46:29.596442,SE,2-e. 테스팅 방법 및 도구,1,1,0,"{""q_id"": ""2021_44"", ""user_choice"": [1], ""correct_answer"": [1], ""is_correct"": true}"
438,2026-06-28 01:50:22.034216,SE,"1-a. 요구사항 도출, 요구사항 분석, 요구사항 명세, 요구사항 추적",1,1,0,"{""q_id"": ""2025_45"", ""user_choice"": [4], ""correct_answer"": [4], ""is_correct"": true}"
439,2026-06-28 01:52:32.200655,SE,"1-a. 요구사항 도출, 요구사항 분석, 요구사항 명세, 요구사항 추적",1,1,0,"{""q_id"": ""2025_45"", ""user_choice"": [4], ""correct_answer"": [4], ""is_correct"": true}"
440,2026-06-28 02:01:43.929933,SE,"1-a. 요구사항 도출, 요구사항 분석, 요구사항 명세, 요구사항 추적",1,1,0,"{""q_id"": ""2025_45"", ""user_choice"": [4], ""correct_answer"": [4], ""is_correct"": true}"
441,2026-06-28 02:14:10.070638,SE,1-g. 사용자 인터페이스 설계,1,1,0,"{""q_id"": ""2016_43"", ""user_choice"": [2], ""correct_answer"": [2], ""is_correct"": true}"
442,2026-06-28 02:15:33.016262,SE,1-b. 객체지향 개념,1,1,0,"{""q_id"": ""2015_27"", ""user_choice"": [3], ""correct_answer"": [3], ""is_correct"": true}"
443,2026-06-28 02:19:57.627228,SE,3-b. 형상관리,1,0,1,"{""q_id"": ""2026_36"", ""user_choice"": [1], ""correct_answer"": [4], ""is_correct"": false}"
444,2026-06-28 02:20:07.5844,SE,3-b. 형상관리,1,1,0,"{""q_id"": ""2026_36"", ""user_choice"": [4], ""correct_answer"": [4], ""is_correct"": true}"
445,2026-06-28 02:25:01.50104,SE,3-b. 형상관리,1,1,0,"{""q_id"": ""2023_49"", ""user_choice"": [3], ""correct_answer"": [3], ""is_correct"": true}"
446,2026-06-28 02:25:50.788572,SE,1-b. 객체지향 개념,1,1,0,"{""q_id"": ""2015_29"", ""user_choice"": [1], ""correct_answer"": [1], ""is_correct"": true}"
447,2026-06-28 02:32:33.068644,SE,1-b. 객체지향 개념,1,1,0,"{""q_id"": ""2020_50"", ""user_choice"": [1], ""correct_answer"": [1], ""is_correct"": true}"
448,2026-06-28 02:36:29.230349,SE,"4-i. 웹서비스(SOAP, REST)",1,1,0,"{""q_id"": ""2021_33"", ""user_choice"": [2], ""correct_answer"": [2], ""is_correct"": true}"
449,2026-06-28 02:37:13.510463,SE,1-c. 설계원리,1,1,0,"{""q_id"": ""2015_43"", ""user_choice"": [4], ""correct_answer"": [4], ""is_correct"": true}"
450,2026-06-28 02:37:56.755454,SE,"1-a. 요구사항 도출, 요구사항 분석, 요구사항 명세, 요구사항 추적",1,1,0,"{""q_id"": ""2020_26"", ""user_choice"": [3], ""correct_answer"": [3], ""is_correct"": true}"
451,2026-06-28 04:49:28.309462,SE,1-c. 설계원리,1,1,0,"{""q_id"": ""2021_48"", ""user_choice"": [4], ""correct_answer"": [4], ""is_correct"": true}"
452,2026-06-28 04:50:17.815944,SE,2-e. 테스팅 방법 및 도구,1,1,0,"{""q_id"": ""2018_30"", ""user_choice"": [3], ""correct_answer"": [3], ""is_correct"": true}"
453,2026-06-28 04:51:56.765331,SE,[기타],1,0,1,"{""q_id"": ""2016_31"", ""user_choice"": [3], ""correct_answer"": [2], ""is_correct"": false}"
454,2026-06-28 04:52:37.37734,SE,1-d. UML/SysML 모델링,1,1,0,"{""q_id"": ""2017_49"", ""user_choice"": [2], ""correct_answer"": [2], ""is_correct"": true}"
455,2026-06-28 04:53:02.464023,SE,"4-i. 웹서비스(SOAP, REST)",1,1,0,"{""q_id"": ""2019_48"", ""user_choice"": [3], ""correct_answer"": [3], ""is_correct"": true}"
456,2026-06-28 04:53:40.513148,SE,1-f. 설계패턴,1,1,0,"{""q_id"": ""2020_28"", ""user_choice"": [4], ""correct_answer"": [4], ""is_correct"": true}"
457,2026-06-28 04:55:38.581553,SE,3-a. 유지관리 개념 및 방법,1,1,0,"{""q_id"": ""2020_49"", ""user_choice"": [1], ""correct_answer"": [1], ""is_correct"": true}"
458,2026-06-28 04:56:16.726625,SE,3-b. 형상관리,1,1,0,"{""q_id"": ""2023_42"", ""user_choice"": [3], ""correct_answer"": [3], ""is_correct"": true}"
459,2026-06-28 04:56:35.101476,SE,"4-g. 전자정부표준프레임워크, 스프링 프레임워크",1,1,0,"{""q_id"": ""2021_34"", ""user_choice"": [1], ""correct_answer"": [1], ""is_correct"": true}"
460,2026-06-28 04:58:24.965894,SE,"3-d. 재사용, 재공학, 역공학, Refactoring",1,1,0,"{""q_id"": ""2024_40"", ""user_choice"": [2], ""correct_answer"": [2], ""is_correct"": true}"
461,2026-06-28 05:00:02.542815,SE,"3-d. 재사용, 재공학, 역공학, Refactoring",1,1,0,"{""q_id"": ""2022_34"", ""user_choice"": [1], ""correct_answer"": [1], ""is_correct"": true}"
462,2026-06-28 05:02:10.390299,SE,1-d. UML/SysML 모델링,1,1,0,"{""q_id"": ""2021_50"", ""user_choice"": [1], ""correct_answer"": [1], ""is_correct"": true}"
463,2026-06-28 05:03:13.133077,SE,"3-d. 재사용, 재공학, 역공학, Refactoring",1,0,1,"{""q_id"": ""2025_49"", ""user_choice"": [2], ""correct_answer"": [4], ""is_correct"": false}"
464,2026-06-28 05:04:02.321069,SE,1-b. 객체지향 개념,1,1,0,"{""q_id"": ""2021_40"", ""user_choice"": [2], ""correct_answer"": [2], ""is_correct"": true}"
465,2026-06-28 05:05:04.144759,SE,1-b. 객체지향 개념,1,1,0,"{""q_id"": ""2020_50"", ""user_choice"": [1], ""correct_answer"": [1], ""is_correct"": true}"
466,2026-06-28 05:06:55.958579,SE,1-d. UML/SysML 모델링,1,1,0,"{""q_id"": ""2021_31"", ""user_choice"": [2], ""correct_answer"": [2], ""is_correct"": true}"
467,2026-06-28 05:07:55.838092,SE,[기타],1,0,1,"{""q_id"": ""2017_42"", ""user_choice"": [2], ""correct_answer"": [1], ""is_correct"": false}"
468,2026-06-28 05:08:48.165036,SE,1-b. 객체지향 개념,1,1,0,"{""q_id"": ""2024_31"", ""user_choice"": [1], ""correct_answer"": [1], ""is_correct"": true}"
469,2026-06-28 05:09:16.032459,SE,1-d. UML/SysML 모델링,1,1,0,"{""q_id"": ""2018_48"", ""user_choice"": [3], ""correct_answer"": [3], ""is_correct"": true}"
470,2026-06-28 05:10:55.665698,SE,3-a. 유지관리 개념 및 방법,1,1,0,"{""q_id"": ""2022_37"", ""user_choice"": [4], ""correct_answer"": [4], ""is_correct"": true}"
471,2026-06-28 05:12:54.643985,SE,1-d. UML/SysML 모델링,1,0,1,"{""q_id"": ""2015_45"", ""user_choice"": [3], ""correct_answer"": [2], ""is_correct"": false}"
472,2026-06-28 05:17:59.137443,SC,"4-b. SW취약점 진단, 도구, 최신 공격 및 대응 기술",1,0,1,"{""q_id"": ""2021_110"", ""user_choice"": [3], ""correct_answer"": [4], ""is_correct"": false}"
473,2026-06-28 05:19:23.087204,PM,"1-a. 정보화 및 소프트웨어 관련 법령 및 고시, 가이드",1,1,0,"{""q_id"": ""2026_4"", ""user_choice"": [4], ""correct_answer"": [4], ""is_correct"": true}"
474,2026-06-28 05:19:58.865629,PM,2-c. 정보시스템 감리 관련 가이드,1,0,1,"{""q_id"": ""2019_17"", ""user_choice"": [2], ""correct_answer"": [1], ""is_correct"": false}"
475,2026-06-28 05:23:29.581104,PM,2-c. 정보시스템 감리 관련 가이드,1,0,1,"{""q_id"": ""2024_10"", ""user_choice"": [4], ""correct_answer"": [3], ""is_correct"": false}"
476,2026-06-28 05:25:48.731311,PM,"2-a. 전자정부법, 정보시스템 감리기준 등 감리 법제도",1,1,0,"{""q_id"": ""2019_16"", ""user_choice"": [1], ""correct_answer"": [1], ""is_correct"": true}"
477,2026-06-28 05:26:40.38731,PM,"1-a. 정보화 및 소프트웨어 관련 법령 및 고시, 가이드",1,0,1,"{""q_id"": ""2018_14"", ""user_choice"": [1], ""correct_answer"": [3], ""is_correct"": false}"
478,2026-06-28 05:32:06.569716,PM,4-b. 통합/범위/자원/일정/위험/품질/성과/조달/변화 관리 등,1,1,0,"{""q_id"": ""2016_5"", ""user_choice"": [3], ""correct_answer"": [3], ""is_correct"": true}"
479,2026-06-28 05:33:06.08158,PM,[기타],1,1,0,"{""q_id"": ""2017_1"", ""user_choice"": [1], ""correct_answer"": [1], ""is_correct"": true}"
480,2026-06-28 05:34:15.967039,PM,"2-a. 전자정부법, 정보시스템 감리기준 등 감리 법제도",1,1,0,"{""q_id"": ""2018_23"", ""user_choice"": [3], ""correct_answer"": [3], ""is_correct"": true}"
481,2026-06-28 05:34:51.294882,PM,[기타],1,1,0,"{""q_id"": ""2026_15"", ""user_choice"": [3], ""correct_answer"": [3], ""is_correct"": true}"
482,2026-06-28 05:35:08.467487,PM,[기타],1,1,0,"{""q_id"": ""2024_23"", ""user_choice"": [4], ""correct_answer"": [4], ""is_correct"": true}"
483,2026-06-28 05:35:56.884147,PM,[기타],1,1,0,"{""q_id"": ""2023_9"", ""user_choice"": [4], ""correct_answer"": [4], ""is_correct"": true}"
484,2026-06-28 05:36:19.347565,PM,[기타],1,0,1,"{""q_id"": ""2026_10"", ""user_choice"": [2], ""correct_answer"": [4], ""is_correct"": false}"
485,2026-06-28 05:49:38.799442,SE,1-d. UML/SysML 모델링,1,1,0,"{""q_id"": ""2019_31"", ""user_choice"": [2], ""correct_answer"": [2], ""is_correct"": true}"
486,2026-06-28 05:50:03.658492,PM,"2-a. 전자정부법, 정보시스템 감리기준 등 감리 법제도",1,1,0,"{""q_id"": ""2026_5"", ""user_choice"": [4], ""correct_answer"": [4], ""is_correct"": true}"
487,2026-06-28 05:50:19.580933,PM,"2-a. 전자정부법, 정보시스템 감리기준 등 감리 법제도",1,1,0,"{""q_id"": ""2016_11"", ""user_choice"": [4], ""correct_answer"": [4], ""is_correct"": true}"
488,2026-06-28 05:54:26.917303,PM,[기타],1,1,0,"{""q_id"": ""2017_2"", ""user_choice"": [3], ""correct_answer"": [3], ""is_correct"": true}"
489,2026-06-28 06:00:21.676959,PM,"2-a. 전자정부법, 정보시스템 감리기준 등 감리 법제도",1,1,0,"{""q_id"": ""2022_22"", ""user_choice"": [2], ""correct_answer"": [2], ""is_correct"": true}"
490,2026-06-28 06:04:44.439609,PM,"2-a. 전자정부법, 정보시스템 감리기준 등 감리 법제도",1,1,0,"{""q_id"": ""2016_18"", ""user_choice"": [4], ""correct_answer"": [4], ""is_correct"": true}"
491,2026-06-28 06:05:27.296466,PM,"2-a. 전자정부법, 정보시스템 감리기준 등 감리 법제도",1,1,0,"{""q_id"": ""2021_15"", ""user_choice"": [3], ""correct_answer"": [3], ""is_correct"": true}"
492,2026-06-28 06:07:45.732617,PM,"2-a. 전자정부법, 정보시스템 감리기준 등 감리 법제도",1,1,0,"{""q_id"": ""2020_12"", ""user_choice"": [4], ""correct_answer"": [4], ""is_correct"": true}"
493,2026-06-28 06:11:40.196397,PM,[기타],1,1,0,"{""q_id"": ""2018_10"", ""user_choice"": [3], ""correct_answer"": [3], ""is_correct"": true}"
494,2026-06-28 06:12:22.179329,PM,4-b. 통합/범위/자원/일정/위험/품질/성과/조달/변화 관리 등,1,1,0,"{""q_id"": ""2019_8"", ""user_choice"": [4], ""correct_answer"": [4], ""is_correct"": true}"
495,2026-06-28 06:12:50.079068,PM,[기타],1,1,0,"{""q_id"": ""2026_18"", ""user_choice"": [2], ""correct_answer"": [2], ""is_correct"": true}"
496,2026-06-28 06:13:04.231567,PM,[기타],1,1,0,"{""q_id"": ""2024_20"", ""user_choice"": [1], ""correct_answer"": [1], ""is_correct"": true}"
497,2026-06-28 06:13:38.158086,PM,"2-a. 전자정부법, 정보시스템 감리기준 등 감리 법제도",1,1,0,"{""q_id"": ""2021_13"", ""user_choice"": [4], ""correct_answer"": [4], ""is_correct"": true}"
498,2026-06-28 06:13:51.003506,PM,[기타],1,1,0,"{""q_id"": ""2018_8"", ""user_choice"": [4], ""correct_answer"": [4], ""is_correct"": true}"
499,2026-06-28 06:14:55.402728,PM,"2-a. 전자정부법, 정보시스템 감리기준 등 감리 법제도",1,1,0,"{""q_id"": ""2015_14"", ""user_choice"": [2], ""correct_answer"": [2], ""is_correct"": true}"
500,2026-06-28 06:16:55.781822,PM,"2-a. 전자정부법, 정보시스템 감리기준 등 감리 법제도",1,1,0,"{""q_id"": ""2023_18"", ""user_choice"": [1], ""correct_answer"": [1], ""is_correct"": true}"
501,2026-06-28 06:20:16.79785,PM,2-c. 정보시스템 감리 관련 가이드,1,0,1,"{""q_id"": ""2025_16"", ""user_choice"": [1], ""correct_answer"": [4], ""is_correct"": false}"
502,2026-06-28 06:31:30.993171,SE,1-c. 설계원리,1,1,0,"{""q_id"": ""2021_26"", ""user_choice"": [2], ""correct_answer"": [2], ""is_correct"": true}"
503,2026-06-28 06:32:12.00917,SE,1-c. 설계원리,1,1,0,"{""q_id"": ""2018_46"", ""user_choice"": [2], ""correct_answer"": [2], ""is_correct"": true}"
504,2026-06-28 06:32:12.89846,SE,1-c. 설계원리,1,1,0,"{""q_id"": ""2018_46"", ""user_choice"": [2], ""correct_answer"": [2], ""is_correct"": true}"
505,2026-06-28 06:33:00.152314,SE,1-b. 객체지향 개념,1,1,0,"{""q_id"": ""2019_49"", ""user_choice"": [1], ""correct_answer"": [1], ""is_correct"": true}"
506,2026-06-28 06:33:13.422561,SE,1-b. 객체지향 개념,1,1,0,"{""q_id"": ""2015_29"", ""user_choice"": [1], ""correct_answer"": [1], ""is_correct"": true}"
507,2026-06-28 06:34:11.231775,SE,"1-a. 요구사항 도출, 요구사항 분석, 요구사항 명세, 요구사항 추적",1,1,0,"{""q_id"": ""2022_49"", ""user_choice"": [3], ""correct_answer"": [3], ""is_correct"": true}"
508,2026-06-28 06:34:33.494371,PM,2-c. 정보시스템 감리 관련 가이드,1,1,0,"{""q_id"": ""2025_16"", ""user_choice"": [4], ""correct_answer"": [4], ""is_correct"": true}"
509,2026-06-28 06:35:31.371503,PM,"1-a. 정보화 및 소프트웨어 관련 법령 및 고시, 가이드",1,1,0,"{""q_id"": ""2025_2"", ""user_choice"": [4], ""correct_answer"": [4], ""is_correct"": true}"
510,2026-06-28 06:36:04.078114,PM,"2-a. 전자정부법, 정보시스템 감리기준 등 감리 법제도",1,1,0,"{""q_id"": ""2026_7"", ""user_choice"": [4], ""correct_answer"": [4], ""is_correct"": true}"
511,2026-06-28 06:37:05.686314,PM,[기타],1,0,1,"{""q_id"": ""2024_18"", ""user_choice"": [1], ""correct_answer"": [4], ""is_correct"": false}"
512,2026-06-28 07:02:27.747638,SE,3-b. 형상관리,1,1,0,"{""q_id"": ""2017_39"", ""user_choice"": [4], ""correct_answer"": [4], ""is_correct"": true}"
513,2026-06-28 07:02:39.449054,SE,3-b. 형상관리,1,1,0,"{""q_id"": ""2017_39"", ""user_choice"": [4], ""correct_answer"": [4], ""is_correct"": true}"
514,2026-06-28 07:08:12.119991,SE,3-b. 형상관리,1,0,1,"{""q_id"": ""2017_27"", ""user_choice"": [2], ""correct_answer"": [4], ""is_correct"": false}"
515,2026-06-28 07:08:21.286262,SE,3-b. 형상관리,1,1,0,"{""q_id"": ""2017_27"", ""user_choice"": [4], ""correct_answer"": [4], ""is_correct"": true}"
516,2026-06-28 07:08:26.35493,SE,3-b. 형상관리,1,1,0,"{""q_id"": ""2017_27"", ""user_choice"": [4], ""correct_answer"": [4], ""is_correct"": true}"
517,2026-06-28 07:08:30.415936,SE,3-b. 형상관리,1,1,0,"{""q_id"": ""2017_27"", ""user_choice"": [4], ""correct_answer"": [4], ""is_correct"": true}"
518,2026-06-28 07:08:34.183691,SE,3-b. 형상관리,1,0,1,"{""q_id"": ""2017_27"", ""user_choice"": [2], ""correct_answer"": [4], ""is_correct"": false}"
519,2026-06-28 07:10:40.836285,SE,"2-a. 프로그래밍언어 및 환경(코딩원리, 코딩오류, 코딩 스타일, uml과 코딩)",1,1,0,"{""q_id"": ""2016_34"", ""user_choice"": [2], ""correct_answer"": [2], ""is_correct"": true}"
520,2026-06-28 07:16:16.770624,SE,"5-b. SW Process 품질(CMMi, SPICE, SP인증 등)",1,0,1,"{""q_id"": ""2023_38"", ""user_choice"": [1], ""correct_answer"": [4], ""is_correct"": false}"
521,2026-06-28 07:16:40.621635,SE,"5-b. SW Process 품질(CMMi, SPICE, SP인증 등)",1,1,0,"{""q_id"": ""2023_38"", ""user_choice"": [1], ""correct_answer"": [1], ""is_correct"": true}"
522,2026-06-28 07:31:32.877472,SE,1-c. 설계원리,1,1,0,"{""q_id"": ""2019_29"", ""user_choice"": [3], ""correct_answer"": [3], ""is_correct"": true}"
523,2026-06-28 07:31:50.946073,SE,"3-d. 재사용, 재공학, 역공학, Refactoring",1,1,0,"{""q_id"": ""2017_40"", ""user_choice"": [1], ""correct_answer"": [1], ""is_correct"": true}"
524,2026-06-28 07:32:36.32225,SE,"1-a. 요구사항 도출, 요구사항 분석, 요구사항 명세, 요구사항 추적",1,1,0,"{""q_id"": ""2020_26"", ""user_choice"": [3], ""correct_answer"": [3], ""is_correct"": true}"
525,2026-06-28 07:33:29.896658,SE,5-a. SW Product 품질,1,1,0,"{""q_id"": ""2018_29"", ""user_choice"": [3], ""correct_answer"": [3], ""is_correct"": true}"
526,2026-06-28 07:33:51.551261,SE,2-e. 테스팅 방법 및 도구,1,1,0,"{""q_id"": ""2025_39"", ""user_choice"": [2], ""correct_answer"": [2], ""is_correct"": true}"
527,2026-06-28 07:34:15.440097,SE,[기타],1,1,0,"{""q_id"": ""2023_44"", ""user_choice"": [1], ""correct_answer"": [1], ""is_correct"": true}"
528,2026-06-28 07:36:36.431711,SE,"2-a. 프로그래밍언어 및 환경(코딩원리, 코딩오류, 코딩 스타일, uml과 코딩)",1,1,0,"{""q_id"": ""2015_46"", ""user_choice"": [1], ""correct_answer"": [1], ""is_correct"": true}"
529,2026-06-28 07:38:00.403638,SE,1-d. UML/SysML 모델링,1,1,0,"{""q_id"": ""2026_34"", ""user_choice"": [3], ""correct_answer"": [3], ""is_correct"": true}"
530,2026-06-28 07:41:46.938943,SE,"2-a. 프로그래밍언어 및 환경(코딩원리, 코딩오류, 코딩 스타일, uml과 코딩)",1,0,1,"{""q_id"": ""2016_34"", ""user_choice"": [3], ""correct_answer"": [2], ""is_correct"": false}"
531,2026-06-28 08:14:01.271257,SE,1-d. UML/SysML 모델링,1,1,0,"{""q_id"": ""2025_30"", ""user_choice"": [4], ""correct_answer"": [4], ""is_correct"": true}"
532,2026-06-28 08:14:22.367788,SE,"1-a. 요구사항 도출, 요구사항 분석, 요구사항 명세, 요구사항 추적",1,1,0,"{""q_id"": ""2022_42"", ""user_choice"": [3], ""correct_answer"": [3], ""is_correct"": true}"
533,2026-06-28 08:15:29.465508,SE,"1-e. 아키텍처 스타일(계층구조, 클라이언트 서버, 트랜잭션 처리, mvc, 이벤트 중심 등)",1,1,0,"{""q_id"": ""2017_33"", ""user_choice"": [3], ""correct_answer"": [3], ""is_correct"": true}"
534,2026-06-28 08:17:26.858156,PM,"2-a. 전자정부법, 정보시스템 감리기준 등 감리 법제도",1,0,1,"{""q_id"": ""2018_17"", ""user_choice"": [4], ""correct_answer"": [2], ""is_correct"": false}"
535,2026-06-28 08:19:50.472729,PM,"2-a. 전자정부법, 정보시스템 감리기준 등 감리 법제도",1,1,0,"{""q_id"": ""2025_1"", ""user_choice"": [4], ""correct_answer"": [4], ""is_correct"": true}"
536,2026-06-28 08:20:35.644947,PM,"2-a. 전자정부법, 정보시스템 감리기준 등 감리 법제도",1,1,0,"{""q_id"": ""2024_7"", ""user_choice"": [2], ""correct_answer"": [2], ""is_correct"": true}"
537,2026-06-28 08:21:37.225514,PM,"2-a. 전자정부법, 정보시스템 감리기준 등 감리 법제도",1,1,0,"{""q_id"": ""2016_15"", ""user_choice"": [3], ""correct_answer"": [3], ""is_correct"": true}"
538,2026-06-28 08:25:03.476905,PM,"1-a. 정보화 및 소프트웨어 관련 법령 및 고시, 가이드",1,1,0,"{""q_id"": ""2016_21"", ""user_choice"": [3], ""correct_answer"": [3], ""is_correct"": true}"
539,2026-06-28 08:26:09.234448,PM,"2-a. 전자정부법, 정보시스템 감리기준 등 감리 법제도",1,0,1,"{""q_id"": ""2015_13"", ""user_choice"": [4], ""correct_answer"": [1], ""is_correct"": false}"
540,2026-06-28 08:28:44.326265,SC,"5-a. 정보보호 및 개인정보보호 관련 법규, 표준, 지침, 평가/인증제도",1,0,1,"{""q_id"": ""2024_111"", ""user_choice"": [1], ""correct_answer"": [3], ""is_correct"": false}"
541,2026-06-28 08:30:53.107442,SE,1-c. 설계원리,1,1,0,"{""q_id"": ""2015_43"", ""user_choice"": [4], ""correct_answer"": [4], ""is_correct"": true}"
542,2026-06-28 08:31:08.772632,SE,1-d. UML/SysML 모델링,1,1,0,"{""q_id"": ""2017_30"", ""user_choice"": [2], ""correct_answer"": [2], ""is_correct"": true}"
543,2026-06-28 08:31:49.489459,SE,1-f. 설계패턴,1,0,1,"{""q_id"": ""2018_39"", ""user_choice"": [4], ""correct_answer"": [1], ""is_correct"": false}"
544,2026-06-28 08:34:08.212675,SE,1-d. UML/SysML 모델링,1,1,0,"{""q_id"": ""2022_43"", ""user_choice"": [4], ""correct_answer"": [4], ""is_correct"": true}"
545,2026-06-28 08:34:40.14294,SE,"1-a. 요구사항 도출, 요구사항 분석, 요구사항 명세, 요구사항 추적",1,1,0,"{""q_id"": ""2020_35"", ""user_choice"": [4], ""correct_answer"": [4], ""is_correct"": true}"
546,2026-06-28 08:35:43.197592,SE,1-f. 설계패턴,1,0,1,"{""q_id"": ""2026_38"", ""user_choice"": [4], ""correct_answer"": [3], ""is_correct"": false}"
547,2026-06-28 08:36:45.168457,SE,"1-e. 아키텍처 스타일(계층구조, 클라이언트 서버, 트랜잭션 처리, mvc, 이벤트 중심 등)",1,1,0,"{""q_id"": ""2026_27"", ""user_choice"": [4], ""correct_answer"": [4], ""is_correct"": true}"
548,2026-06-28 08:41:10.705559,SE,1-d. UML/SysML 모델링,1,1,0,"{""q_id"": ""2026_28"", ""user_choice"": [3], ""correct_answer"": [3], ""is_correct"": true}"
549,2026-06-28 08:52:49.422745,PM,4-b. 통합/범위/자원/일정/위험/품질/성과/조달/변화 관리 등,1,1,0,"{""q_id"": ""2020_13"", ""user_choice"": [1], ""correct_answer"": [1], ""is_correct"": true}"
550,2026-06-28 08:54:14.932836,PM,4-b. 통합/범위/자원/일정/위험/품질/성과/조달/변화 관리 등,1,1,0,"{""q_id"": ""2021_1"", ""user_choice"": [2], ""correct_answer"": [2], ""is_correct"": true}"
551,2026-06-28 08:54:48.835007,PM,[기타],1,0,1,"{""q_id"": ""2015_15"", ""user_choice"": [2], ""correct_answer"": [1], ""is_correct"": false}"
552,2026-06-28 08:56:23.79613,PM,[기타],1,1,0,"{""q_id"": ""2025_5"", ""user_choice"": [3], ""correct_answer"": [3], ""is_correct"": true}"
553,2026-06-28 08:56:42.524607,PM,[기타],1,1,0,"{""q_id"": ""2017_2"", ""user_choice"": [3], ""correct_answer"": [3], ""is_correct"": true}"
554,2026-06-28 08:58:26.794866,PM,[기타],1,1,0,"{""q_id"": ""2018_7"", ""user_choice"": [2], ""correct_answer"": [2], ""is_correct"": true}"
555,2026-06-28 08:59:34.217102,PM,[기타],1,0,1,"{""q_id"": ""2020_23"", ""user_choice"": [1], ""correct_answer"": [2], ""is_correct"": false}"
556,2026-06-28 09:01:38.603539,SE,1-c. 설계원리,1,1,0,"{""q_id"": ""2021_48"", ""user_choice"": [4], ""correct_answer"": [4], ""is_correct"": true}"
557,2026-06-28 09:02:14.299246,SE,"1-e. 아키텍처 스타일(계층구조, 클라이언트 서버, 트랜잭션 처리, mvc, 이벤트 중심 등)",1,1,0,"{""q_id"": ""2024_45"", ""user_choice"": [1], ""correct_answer"": [1], ""is_correct"": true}"
558,2026-06-28 09:03:21.385127,SE,"5-b. SW Process 품질(CMMi, SPICE, SP인증 등)",1,1,0,"{""q_id"": ""2019_34"", ""user_choice"": [2], ""correct_answer"": [2], ""is_correct"": true}"
559,2026-06-28 09:04:41.177943,SE,[기타],1,1,0,"{""q_id"": ""2020_45"", ""user_choice"": [2], ""correct_answer"": [2], ""is_correct"": true}"
560,2026-06-28 09:05:00.892146,SE,5-e. 기능점수산정,1,1,0,"{""q_id"": ""2018_26"", ""user_choice"": [3], ""correct_answer"": [3], ""is_correct"": true}"
561,2026-06-28 09:05:36.131716,SE,1-b. 객체지향 개념,1,1,0,"{""q_id"": ""2020_50"", ""user_choice"": [1], ""correct_answer"": [1], ""is_correct"": true}"
562,2026-06-28 09:06:24.160467,SE,1-b. 객체지향 개념,1,0,1,"{""q_id"": ""2021_36"", ""user_choice"": [1], ""correct_answer"": [2], ""is_correct"": false}"
563,2026-06-28 09:07:02.384611,SE,1-g. 사용자 인터페이스 설계,1,1,0,"{""q_id"": ""2016_43"", ""user_choice"": [2], ""correct_answer"": [2], ""is_correct"": true}"
564,2026-06-28 09:11:40.523845,SC,[기타],1,1,0,"{""q_id"": ""2026_103"", ""user_choice"": [2], ""correct_answer"": [2], ""is_correct"": true}"
565,2026-06-28 11:30:24.13912,SC,"1-b. 전자서명, PKI, 생체인식 등 인증기술",1,1,0,"{""q_id"": ""2022_101"", ""user_choice"": [3], ""correct_answer"": [3], ""is_correct"": true}"
566,2026-06-28 11:31:02.04308,SC,[기타],1,1,0,"{""q_id"": ""2019_107"", ""user_choice"": [3], ""correct_answer"": [3], ""is_correct"": true}"
567,2026-06-28 11:31:22.291494,SC,"1-b. 전자서명, PKI, 생체인식 등 인증기술",1,1,0,"{""q_id"": ""2017_107"", ""user_choice"": [4], ""correct_answer"": [4], ""is_correct"": true}"
568,2026-06-28 11:32:29.968356,SC,[기타],1,1,0,"{""q_id"": ""2022_103"", ""user_choice"": [2], ""correct_answer"": [2], ""is_correct"": true}"
569,2026-06-28 11:37:55.629795,SC,"1-a. 암호 알고리즘, 해쉬함수, 키관리, 암호 프로토콜 등 암호시스템",1,1,0,"{""q_id"": ""2020_120"", ""user_choice"": [3], ""correct_answer"": [3], ""is_correct"": true}"
570,2026-06-28 11:38:49.759624,SC,"2-c. 네트워크/시스템 보안 공격, 해킹 및 침해사고 대응 기술",1,1,0,"{""q_id"": ""2020_106"", ""user_choice"": [4], ""correct_answer"": [4], ""is_correct"": true}"
571,2026-06-28 11:39:24.932925,SC,[기타],1,0,1,"{""q_id"": ""2016_102"", ""user_choice"": [4], ""correct_answer"": [3], ""is_correct"": false}"
572,2026-06-28 12:18:06.34739,PM,"2-a. 전자정부법, 정보시스템 감리기준 등 감리 법제도",1,0,1,"{""q_id"": ""2022_11"", ""user_choice"": [4], ""correct_answer"": [2], ""is_correct"": false}"
573,2026-06-28 12:21:55.695567,PM,"2-a. 전자정부법, 정보시스템 감리기준 등 감리 법제도",1,0,1,"{""q_id"": ""2021_24"", ""user_choice"": [4], ""correct_answer"": [1], ""is_correct"": false}"
574,2026-06-28 12:25:31.378653,PM,"2-a. 전자정부법, 정보시스템 감리기준 등 감리 법제도",1,1,0,"{""q_id"": ""2019_16"", ""user_choice"": [1], ""correct_answer"": [1], ""is_correct"": true}"
575,2026-06-28 12:31:04.54876,SC,"1-c. 접근권한, SSO, OTP 등 접근제어 기술",1,1,0,"{""q_id"": ""2026_111"", ""user_choice"": [2], ""correct_answer"": [2], ""is_correct"": true}"
576,2026-06-28 12:32:26.621165,SC,"3-c. 디지털 포렌식, 블록체인, AI 연계 등 보안 신기술",1,0,1,"{""q_id"": ""2020_118"", ""user_choice"": [2], ""correct_answer"": [4], ""is_correct"": false}"
577,2026-06-28 12:53:54.882046,SE,3-b. 형상관리,1,1,0,"{""q_id"": ""2023_49"", ""user_choice"": [3], ""correct_answer"": [3], ""is_correct"": true}"
578,2026-06-28 12:55:55.043606,SE,1-g. 사용자 인터페이스 설계,1,1,0,"{""q_id"": ""2021_30"", ""user_choice"": [3], ""correct_answer"": [3], ""is_correct"": true}"
579,2026-06-28 12:56:37.735186,SE,[기타],1,1,0,"{""q_id"": ""2024_42"", ""user_choice"": [2], ""correct_answer"": [2], ""is_correct"": true}"
580,2026-06-28 13:00:35.657213,SE,1-d. UML/SysML 모델링,1,0,1,"{""q_id"": ""2018_41"", ""user_choice"": [1], ""correct_answer"": [2], ""is_correct"": false}"
581,2026-06-28 22:36:11.445986,SE,[기타],1,0,1,"{""q_id"": ""2023_41"", ""user_choice"": [2], ""correct_answer"": [4], ""is_correct"": false}"
582,2026-06-28 22:39:35.19546,SE,"4-b. CBD, Agile, 데브 옵스, aop 등",1,1,0,"{""q_id"": ""2024_50"", ""user_choice"": [2], ""correct_answer"": [2], ""is_correct"": true}"
583,2026-06-28 22:41:07.053343,SE,1-d. UML/SysML 모델링,1,1,0,"{""q_id"": ""2015_30"", ""user_choice"": [1], ""correct_answer"": [1, 2], ""is_correct"": true}"
584,2026-06-28 22:41:16.14523,SE,1-g. 사용자 인터페이스 설계,1,1,0,"{""q_id"": ""2018_35"", ""user_choice"": [4], ""correct_answer"": [4], ""is_correct"": true}"
585,2026-06-28 22:41:35.605883,SE,[기타],1,1,0,"{""q_id"": ""2020_46"", ""user_choice"": [1], ""correct_answer"": [1], ""is_correct"": true}"
586,2026-06-28 22:41:53.67416,SE,[기타],1,1,0,"{""q_id"": ""2019_36"", ""user_choice"": [3], ""correct_answer"": [3], ""is_correct"": true}"
587,2026-06-28 22:43:16.525974,SE,5-a. SW Product 품질,1,1,0,"{""q_id"": ""2016_32"", ""user_choice"": [2], ""correct_answer"": [2], ""is_correct"": true}"
588,2026-06-28 22:48:54.354713,SE,"1-a. 요구사항 도출, 요구사항 분석, 요구사항 명세, 요구사항 추적",1,1,0,"{""q_id"": ""2020_34"", ""user_choice"": [2], ""correct_answer"": [2], ""is_correct"": true}"
589,2026-06-28 22:49:33.836969,SE,"3-d. 재사용, 재공학, 역공학, Refactoring",1,1,0,"{""q_id"": ""2024_40"", ""user_choice"": [2], ""correct_answer"": [2], ""is_correct"": true}"
590,2026-06-28 22:50:15.695045,SE,"3-d. 재사용, 재공학, 역공학, Refactoring",1,0,1,"{""q_id"": ""2019_28"", ""user_choice"": [2], ""correct_answer"": [3], ""is_correct"": false}"
591,2026-06-28 22:51:05.897144,SE,"3-d. 재사용, 재공학, 역공학, Refactoring",1,1,0,"{""q_id"": ""2022_28"", ""user_choice"": [2], ""correct_answer"": [2], ""is_correct"": true}"
592,2026-06-28 22:52:45.658045,SE,"3-d. 재사용, 재공학, 역공학, Refactoring",1,1,0,"{""q_id"": ""2022_31"", ""user_choice"": [2], ""correct_answer"": [2], ""is_correct"": true}"
593,2026-06-28 22:53:29.40549,SE,"3-d. 재사용, 재공학, 역공학, Refactoring",1,1,0,"{""q_id"": ""2018_38"", ""user_choice"": [2], ""correct_answer"": [2], ""is_correct"": true}"
594,2026-06-28 22:53:53.952023,SE,"3-d. 재사용, 재공학, 역공학, Refactoring",1,1,0,"{""q_id"": ""2021_35"", ""user_choice"": [1], ""correct_answer"": [1], ""is_correct"": true}"
595,2026-06-28 22:54:51.909709,SE,1-f. 설계패턴,1,1,0,"{""q_id"": ""2026_38"", ""user_choice"": [3], ""correct_answer"": [3], ""is_correct"": true}"
596,2026-06-28 22:55:53.149938,SE,"3-d. 재사용, 재공학, 역공학, Refactoring",1,1,0,"{""q_id"": ""2022_34"", ""user_choice"": [1], ""correct_answer"": [1], ""is_correct"": true}"
597,2026-06-28 22:56:51.732177,SE,"4-b. CBD, Agile, 데브 옵스, aop 등",1,1,0,"{""q_id"": ""2026_46"", ""user_choice"": [1], ""correct_answer"": [1], ""is_correct"": true}"
598,2026-06-28 22:58:12.047977,SE,"3-d. 재사용, 재공학, 역공학, Refactoring",1,1,0,"{""q_id"": ""2016_37"", ""user_choice"": [4], ""correct_answer"": [4], ""is_correct"": true}"
599,2026-06-28 23:04:14.515405,SE,1-c. 설계원리,1,1,0,"{""q_id"": ""2021_26"", ""user_choice"": [2], ""correct_answer"": [2], ""is_correct"": true}"
600,2026-06-28 23:05:02.209596,SE,1-g. 사용자 인터페이스 설계,1,1,0,"{""q_id"": ""2019_39"", ""user_choice"": [1], ""correct_answer"": [1], ""is_correct"": true}"
601,2026-06-28 23:07:28.015526,SE,[기타],1,1,0,"{""q_id"": ""2026_30"", ""user_choice"": [3], ""correct_answer"": [3], ""is_correct"": true}"
602,2026-06-28 23:11:10.105035,SE,[기타],1,1,0,"{""q_id"": ""2019_40"", ""user_choice"": [3], ""correct_answer"": [3], ""is_correct"": true}"
603,2026-06-28 23:12:57.452471,SE,[기타],1,0,1,"{""q_id"": ""2017_35"", ""user_choice"": [4], ""correct_answer"": [2], ""is_correct"": false}"
604,2026-06-28 23:14:07.173765,SE,[기타],1,1,0,"{""q_id"": ""2016_41"", ""user_choice"": [3], ""correct_answer"": [3], ""is_correct"": true}"