q_id,subject,stage,next_review_at,wrong_streak,review_count,last_result,updated_at
2015_104,SC,5,2036-08-16 09:15:24.875319,1,6,correct,2026-08-19 09:15:24.875319
2015_105,SC,4,2026-09-16 07:34:30.1037,3,10,correct,2026-08-17 07:34:30.1037
2015_107,SC,5,2036-08-30 14:31:57.774462,2,8,correct,2026-09-02 14:31:57.774462
2015_11,PM,5,2036-08-20 14:03:29.626491,1,6,correct,2026-08-23 14:03:29.626491
2015_112,SC,5,2036-08-16 09:16:10.469335,1,6,correct,2026-08-19 09:16:10.469335
2015_114,SC,5,2036-08-16 09:18:03.165114,1,6,correct,2026-08-19 09:18:03.165114
2015_118,SC,4,2026-09-16 07:35:03.506682,1,5,correct,2026-08-17 07:35:03.506682
2015_119,SC,4,2026-09-29 09:26:16.134394,4,12,correct,2026-08-30 09:26:16.134394
2015_120,SC,3,2026-09-14 09:28:16.707597,2,9,correct,2026-08-31 09:28:16.707597
2015_15,PM,4,2026-09-22 14:03:30.152269,2,9,correct,2026-08-23 14:03:30.152269
2015_17,PM,5,2036-08-20 14:03:30.46771,1,6,correct,2026-08-23 14:03:30.46771
2015_2,PM,5,2036-08-20 14:03:28.152348,1,6,correct,2026-08-23 14:03:28.152348
2015_23,PM,5,2036-08-20 14:03:31.204095,1,6,correct,2026-08-23 14:03:31.204095
2015_24,PM,3,2026-09-20 12:06:42.688777,1,4,correct,2026-09-06 12:06:42.688777
2015_25,PM,5,2036-08-20 14:03:31.624914,1,6,correct,2026-08-23 14:03:31.624914
2015_27,SE,4,2026-10-06 02:44:40.123502,1,5,correct,2026-09-06 02:44:40.123502
2015_34,SE,2,2026-09-08 12:27:29.974927,8,17,correct,2026-09-01 12:27:29.974927
2015_36,SE,5,2036-08-08 07:32:07.605902,1,6,correct,2026-08-11 07:32:07.605902
2015_39,SE,4,2026-09-10 07:32:08.004364,2,9,correct,2026-08-11 07:32:08.004364
2015_4,PM,3,2026-09-20 11:59:11.680108,1,4,correct,2026-09-06 11:59:11.680108
2015_40,SE,5,2036-08-08 07:32:08.20392,1,6,correct,2026-08-11 07:32:08.20392
2015_45,SE,5,2036-08-08 07:32:08.800493,1,6,correct,2026-08-11 07:32:08.800493
2015_47,SE,4,2026-10-06 02:45:40.286231,1,5,correct,2026-09-06 02:45:40.286231
2015_5,PM,5,2036-08-20 14:03:28.680071,1,6,correct,2026-08-23 14:03:28.680071
2015_50,SE,5,2036-08-08 07:32:09.498765,1,6,correct,2026-08-11 07:32:09.498765
2015_51,DB,1,2026-09-08 11:29:57.736437,8,13,correct,2026-09-05 11:29:57.736437
2015_52,DB,4,2026-09-10 09:13:18.604487,1,5,correct,2026-08-11 09:13:18.604487
2015_53,DB,4,2026-10-02 13:40:07.092401,4,9,correct,2026-09-02 13:40:07.092401
2015_54,DB,4,2026-09-24 13:51:01.010599,3,8,correct,2026-08-25 13:51:01.010599
2015_55,DB,4,2026-09-24 13:52:32.855743,3,8,correct,2026-08-25 13:52:32.855743
2015_56,DB,4,2026-09-10 09:13:19.408371,1,5,correct,2026-08-11 09:13:19.408371
2015_59,DB,4,2026-10-06 02:41:56.326776,5,11,correct,2026-09-06 02:41:56.326776
2015_6,PM,5,2036-08-20 14:03:28.890624,1,6,correct,2026-08-23 14:03:28.890624
2015_61,DB,4,2026-09-10 09:13:20.112552,1,5,correct,2026-08-11 09:13:20.112552
2015_62,DB,4,2026-09-24 13:55:04.637923,3,7,correct,2026-08-25 13:55:04.637923
2015_63,DB,4,2026-09-24 13:55:22.302797,2,6,correct,2026-08-25 13:55:22.302797
2015_64,DB,4,2026-09-24 13:55:49.623086,3,7,correct,2026-08-25 13:55:49.623086
2015_65,DB,4,2026-10-03 13:06:02.23023,3,8,correct,2026-09-03 13:06:02.23023
2015_66,DB,4,2026-09-24 13:58:43.620607,2,6,correct,2026-08-25 13:58:43.620607
2015_70,DB,3,2026-09-20 11:43:43.754911,3,9,correct,2026-09-06 11:43:43.754911
2015_72,DB,3,2026-09-20 11:57:26.85096,3,10,correct,2026-09-06 11:57:26.85096
2015_73,DB,4,2026-09-10 09:13:22.126132,1,5,correct,2026-08-11 09:13:22.126132
2015_74,DB,4,2026-09-24 14:14:30.172999,2,6,correct,2026-08-25 14:14:30.172999
2015_75,DB,4,2026-09-24 14:15:04.543137,2,7,correct,2026-08-25 14:15:04.543137
2015_76,SA,3,2026-09-19 12:02:34.517302,1,4,correct,2026-09-05 12:02:34.517302
2015_77,SA,3,2026-09-19 12:02:34.828564,1,4,correct,2026-09-05 12:02:34.828564
2015_78,SA,3,2026-09-19 12:02:35.032244,1,4,correct,2026-09-05 12:02:35.032244
2015_8,PM,5,2036-08-20 14:03:29.20605,1,6,correct,2026-08-23 14:03:29.20605
2015_81,SA,0,2026-09-07 12:08:41.849803,2,2,wrong,2026-09-06 12:08:41.849803
2015_82,SA,3,2026-09-19 12:02:35.643786,1,4,correct,2026-09-05 12:02:35.643786
2015_84,SA,3,2026-09-19 12:02:35.948868,1,4,correct,2026-09-05 12:02:35.948868
2015_85,SA,3,2026-09-19 12:02:36.153085,1,4,correct,2026-09-05 12:02:36.153085
2015_87,SA,3,2026-09-19 12:02:36.45836,1,4,correct,2026-09-05 12:02:36.45836
2015_88,SA,3,2026-09-19 12:02:36.662016,2,5,correct,2026-09-05 12:02:36.662016
2015_89,SA,6,2036-09-02 12:02:36.865437,1,7,correct,2026-09-05 12:02:36.865437
2015_90,SA,1,2026-09-09 12:12:34.120846,1,2,correct,2026-09-06 12:12:34.120846
2015_91,SA,3,2026-09-19 12:02:37.272844,1,4,correct,2026-09-05 12:02:37.272844
2015_94,SA,2,2026-09-12 12:02:37.680082,2,5,correct,2026-09-05 12:02:37.680082
2015_95,SA,3,2026-09-19 12:02:37.883488,1,4,correct,2026-09-05 12:02:37.883488
2015_97,SA,3,2026-09-19 12:02:38.188932,1,4,correct,2026-09-05 12:02:38.188932
2016_10,PM,5,2036-08-30 14:25:13.167981,1,6,correct,2026-09-02 14:25:13.167981
2016_100,SA,3,2026-09-20 04:13:15.728038,1,4,correct,2026-09-06 04:13:15.728038
2016_102,SC,4,2026-10-06 09:56:15.324764,7,18,correct,2026-09-06 09:56:15.324764
2016_105,SC,5,2036-09-03 09:56:15.719715,3,10,correct,2026-09-06 09:56:15.719715
2016_110,SC,0,2026-09-07 09:56:16.306655,1,1,wrong,2026-09-06 09:56:16.306655
2016_117,SC,6,2036-09-03 09:56:17.089078,1,7,correct,2026-09-06 09:56:17.089078
2016_118,SC,6,2036-09-03 09:56:17.284464,1,7,correct,2026-09-06 09:56:17.284464
2016_12,PM,4,2026-09-21 12:56:40.932532,5,12,correct,2026-08-22 12:56:40.932532
2016_17,PM,5,2036-08-30 14:25:31.678598,1,6,correct,2026-09-02 14:25:31.678598
2016_18,PM,5,2036-08-30 14:25:56.234777,2,8,correct,2026-09-02 14:25:56.234777
2016_20,PM,5,2036-08-30 14:26:51.361308,1,6,correct,2026-09-02 14:26:51.361308
2016_23,PM,4,2026-09-13 01:25:54.049625,3,9,correct,2026-08-14 01:25:54.049625
2016_24,PM,4,2026-09-13 01:27:37.126211,2,8,correct,2026-08-14 01:27:37.126211
2016_25,PM,4,2026-09-28 05:36:09.582429,4,12,correct,2026-08-29 05:36:09.582429
2016_31,SE,5,2036-09-02 05:03:00.941358,2,7,correct,2026-09-05 05:03:00.941358
2016_34,SE,3,2026-09-12 12:54:12.812432,4,12,correct,2026-08-29 12:54:12.812432
2016_38,SE,5,2036-09-02 05:05:14.421257,2,7,correct,2026-09-05 05:05:14.421257
2016_39,SE,5,2036-08-30 13:59:35.685831,1,6,correct,2026-09-02 13:59:35.685831
2016_4,PM,5,2036-08-30 14:24:02.987622,1,6,correct,2026-09-02 14:24:02.987622
2016_47,SE,5,2036-08-31 12:35:41.341142,1,6,correct,2026-09-03 12:35:41.341142
2016_53,DB,5,2036-09-02 15:20:32.422869,1,6,correct,2026-09-05 15:20:32.422869
2016_55,DB,3,2026-09-19 15:20:32.730658,2,8,correct,2026-09-05 15:20:32.730658
2016_6,PM,5,2036-08-30 14:24:31.974284,1,6,correct,2026-09-02 14:24:31.974284
2016_61,DB,5,2036-09-02 15:20:33.43638,1,6,correct,2026-09-05 15:20:33.43638
2016_62,DB,5,2036-09-02 15:20:33.638191,1,6,correct,2026-09-05 15:20:33.638191
2016_63,DB,4,2026-10-05 15:20:33.840033,3,9,correct,2026-09-05 15:20:33.840033
2016_64,DB,0,2026-09-06 15:20:34.041622,1,1,wrong,2026-09-05 15:20:34.041622
2016_65,DB,0,2026-09-06 15:20:34.243781,1,1,wrong,2026-09-05 15:20:34.243781
2016_66,DB,5,2036-09-02 15:20:34.445174,1,6,correct,2026-09-05 15:20:34.445174
2016_67,DB,4,2026-10-05 15:20:34.646797,4,11,correct,2026-09-05 15:20:34.646797
2016_69,DB,3,2026-09-19 15:20:34.94957,3,9,correct,2026-09-05 15:20:34.94957
2016_70,DB,5,2036-09-02 15:20:35.150721,1,6,correct,2026-09-05 15:20:35.150721
2016_74,DB,5,2036-09-02 15:20:35.654247,1,6,correct,2026-09-05 15:20:35.654247
2016_76,SA,3,2026-09-20 04:13:12.38678,1,4,correct,2026-09-06 04:13:12.38678
2016_79,SA,3,2026-09-20 04:13:12.897898,1,4,correct,2026-09-06 04:13:12.897898
2016_8,PM,5,2036-08-30 14:24:40.462501,2,7,correct,2026-09-02 14:24:40.462501
2016_80,SA,3,2026-09-20 04:13:13.100926,2,8,correct,2026-09-06 04:13:13.100926
2016_84,SA,3,2026-09-20 04:13:13.605849,1,4,correct,2026-09-06 04:13:13.605849
2016_86,SA,3,2026-09-20 04:13:13.90857,1,4,correct,2026-09-06 04:13:13.90857
2016_92,SA,4,2026-10-06 04:13:14.615362,4,9,correct,2026-09-06 04:13:14.615362
2016_94,SA,0,2026-09-07 04:13:14.918797,1,1,wrong,2026-09-06 04:13:14.918797
2016_96,SA,3,2026-09-20 04:13:15.223297,2,6,correct,2026-09-06 04:13:15.223297
2017_101,SC,4,2026-09-26 14:12:49.475711,2,8,correct,2026-08-27 14:12:49.475711
2017_102,SC,1,2026-09-06 12:53:07.183793,2,7,correct,2026-09-03 12:53:07.183793
2017_103,SC,5,2036-08-30 10:53:02.787738,1,6,correct,2026-09-02 10:53:02.787738
2017_108,SC,5,2036-08-16 09:13:54.091327,2,7,correct,2026-08-19 09:13:54.091327
2017_109,SC,5,2036-08-30 10:53:54.014924,1,6,correct,2026-09-02 10:53:54.014924
2017_112,SC,1,2026-09-08 05:28:09.746606,3,8,correct,2026-09-05 05:28:09.746606
2017_113,SC,5,2036-08-30 10:54:54.147485,1,6,correct,2026-09-02 10:54:54.147485
2017_115,SC,5,2036-08-30 10:55:13.261458,2,7,correct,2026-09-02 10:55:13.261458
2017_116,SC,5,2036-08-30 10:55:24.661773,2,7,correct,2026-09-02 10:55:24.661773
2017_117,SC,5,2036-08-30 10:55:52.659563,2,8,correct,2026-09-02 10:55:52.659563
2017_118,SC,5,2036-08-30 10:56:03.279222,1,6,correct,2026-09-02 10:56:03.279222
2017_12,PM,5,2036-08-24 05:43:13.583124,1,6,correct,2026-08-27 05:43:13.583124
2017_120,SC,5,2036-08-30 10:56:14.587592,1,6,correct,2026-09-02 10:56:14.587592
2017_16,PM,5,2036-08-24 05:43:43.456117,3,8,correct,2026-08-27 05:43:43.456117
2017_19,PM,4,2026-09-16 12:40:20.436164,2,8,correct,2026-08-17 12:40:20.436164
2017_20,PM,4,2026-09-07 06:30:20.424856,3,8,correct,2026-08-08 06:30:20.424856
2017_23,PM,5,2036-08-24 05:44:15.830206,1,6,correct,2026-08-27 05:44:15.830206
2017_26,SE,5,2036-09-01 09:03:02.132531,1,6,correct,2026-09-04 09:03:02.132531
2017_27,SE,5,2036-08-01 13:39:36.68121,1,6,correct,2026-08-04 13:39:36.68121
2017_3,PM,4,2026-09-19 14:24:48.933165,1,5,correct,2026-08-20 14:24:48.933165
2017_34,SE,5,2036-08-01 13:39:37.462682,1,6,correct,2026-08-04 13:39:37.462682
2017_35,SE,5,2036-08-01 13:39:37.65811,1,6,correct,2026-08-04 13:39:37.65811
2017_38,SE,4,2026-09-18 09:19:28.575574,2,8,correct,2026-08-19 09:19:28.575574
2017_39,SE,4,2026-09-30 09:16:45.484748,2,9,correct,2026-08-31 09:16:45.484748
2017_40,SE,5,2036-09-01 09:04:14.656599,1,6,correct,2026-09-04 09:04:14.656599
2017_42,SE,5,2036-09-01 09:05:02.934488,1,6,correct,2026-09-04 09:05:02.934488
2017_43,SE,3,2026-09-14 09:16:32.450928,11,22,correct,2026-08-31 09:16:32.450928
2017_44,SE,1,2026-09-08 11:44:04.028124,4,10,correct,2026-09-05 11:44:04.028124
2017_45,SE,5,2036-08-01 13:39:39.31962,3,8,correct,2026-08-04 13:39:39.31962
2017_47,SE,5,2036-08-01 13:39:39.61254,1,6,correct,2026-08-04 13:39:39.61254
2017_5,PM,5,2036-08-24 05:42:07.510376,1,6,correct,2026-08-27 05:42:07.510376
2017_51,DB,5,2036-09-01 13:07:45.057276,1,6,correct,2026-09-04 13:07:45.057276
2017_54,DB,5,2036-09-01 13:07:45.574781,1,6,correct,2026-09-04 13:07:45.574781
2017_55,DB,4,2026-10-04 13:07:45.776719,2,7,correct,2026-09-04 13:07:45.776719
2017_58,DB,5,2036-09-01 13:07:46.179943,2,7,correct,2026-09-04 13:07:46.179943
2017_65,DB,5,2036-09-01 13:07:46.987759,1,6,correct,2026-09-04 13:07:46.987759
2017_70,DB,1,2026-09-08 14:45:46.178402,1,2,correct,2026-09-05 14:45:46.178402
2017_71,DB,1,2026-09-08 14:45:54.187317,1,2,correct,2026-09-05 14:45:54.187317
2017_72,DB,3,2026-09-18 13:07:48.000132,2,8,correct,2026-09-04 13:07:48.000132
2017_73,DB,5,2036-09-01 13:07:48.201954,2,7,correct,2026-09-04 13:07:48.201954
2017_75,DB,5,2036-09-01 13:07:48.505963,3,8,correct,2026-09-04 13:07:48.505963
2017_78,SA,3,2026-09-16 23:03:42.38765,1,4,correct,2026-09-02 23:03:42.38765
2017_79,SA,3,2026-09-16 23:03:42.588349,1,4,correct,2026-09-02 23:03:42.588349
2017_8,PM,2,2026-09-08 12:27:41.360034,2,8,correct,2026-09-01 12:27:41.360034
2017_80,SA,3,2026-09-16 23:03:42.785719,1,4,correct,2026-09-02 23:03:42.785719
2017_82,SA,3,2026-09-16 23:03:43.081442,1,4,correct,2026-09-02 23:03:43.081442
2017_84,SA,3,2026-09-16 23:03:43.377851,1,4,correct,2026-09-02 23:03:43.377851
2017_87,SA,3,2026-09-16 23:03:43.773279,1,4,correct,2026-09-02 23:03:43.773279
2017_89,SA,3,2026-09-16 23:03:44.069129,1,4,correct,2026-09-02 23:03:44.069129
2017_90,SA,3,2026-09-16 23:03:44.266336,1,4,correct,2026-09-02 23:03:44.266336
2017_92,SA,3,2026-09-16 23:03:44.562189,1,4,correct,2026-09-02 23:03:44.562189
2017_95,SA,3,2026-09-16 23:03:44.957077,1,4,correct,2026-09-02 23:03:44.957077
2017_97,SA,3,2026-09-16 23:03:45.253159,1,4,correct,2026-09-02 23:03:45.253159
2018_1,PM,4,2026-10-06 06:49:58.48104,2,9,correct,2026-09-06 06:49:58.48104
2018_100,SA,4,2026-10-06 01:03:43.593308,1,5,correct,2026-09-06 01:03:43.593308
2018_101,SC,5,2036-08-23 00:09:40.915559,2,7,correct,2026-08-26 00:09:40.915559
2018_102,SC,4,2026-09-16 07:35:55.586362,2,8,correct,2026-08-17 07:35:55.586362
2018_104,SC,4,2026-09-10 23:45:17.384459,1,5,correct,2026-08-11 23:45:17.384459
2018_107,SC,5,2036-08-23 00:09:51.684172,1,6,correct,2026-08-26 00:09:51.684172
2018_109,SC,4,2026-09-25 00:01:11.558825,5,13,correct,2026-08-26 00:01:11.558825
2018_11,PM,6,2036-09-03 06:50:00.000213,1,7,correct,2026-09-06 06:50:00.000213
2018_110,SC,4,2026-09-22 13:44:19.251708,1,5,correct,2026-08-23 13:44:19.251708
2018_115,SC,5,2036-08-24 10:04:41.508004,1,6,correct,2026-08-27 10:04:41.508004
2018_117,SC,4,2026-09-25 00:01:06.33279,3,10,correct,2026-08-26 00:01:06.33279
2018_119,SC,5,2036-08-24 10:05:21.139063,2,7,correct,2026-08-27 10:05:21.139063
2018_15,PM,6,2036-09-03 06:50:00.501957,4,10,correct,2026-09-06 06:50:00.501957
2018_16,PM,6,2036-09-03 06:50:00.703156,1,7,correct,2026-09-06 06:50:00.703156
2018_17,PM,6,2036-09-03 06:50:00.90418,1,7,correct,2026-09-06 06:50:00.90418
2018_18,PM,5,2036-09-03 06:50:01.105253,2,8,correct,2026-09-06 06:50:01.105253
2018_19,PM,5,2036-09-03 06:50:01.30662,2,8,correct,2026-09-06 06:50:01.30662
2018_21,PM,5,2036-09-03 06:50:01.6088,1,6,correct,2026-09-06 06:50:01.6088
2018_24,PM,6,2036-09-03 06:50:02.010502,1,7,correct,2026-09-06 06:50:02.010502
2018_25,PM,0,2026-09-07 06:50:02.211182,2,6,wrong,2026-09-06 06:50:02.211182
2018_29,SE,5,2036-09-03 03:17:36.534458,1,6,correct,2026-09-06 03:17:36.534458
2018_3,PM,0,2026-09-07 06:49:58.892424,1,1,wrong,2026-09-06 06:49:58.892424
2018_31,SE,5,2036-09-03 03:42:02.648384,1,6,correct,2026-09-06 03:42:02.648384
2018_36,SE,4,2026-09-26 05:41:38.774609,4,11,correct,2026-08-27 05:41:38.774609
2018_39,SE,5,2036-08-30 11:27:05.490799,2,7,correct,2026-09-02 11:27:05.490799
2018_41,SE,5,2036-08-30 11:31:22.372274,1,6,correct,2026-09-02 11:31:22.372274
2018_42,SE,4,2026-09-28 05:30:25.718392,3,10,correct,2026-08-29 05:30:25.718392
2018_51,DB,4,2026-09-28 10:22:05.847202,1,5,correct,2026-08-29 10:22:05.847202
2018_52,DB,4,2026-09-28 10:22:06.155254,1,5,correct,2026-08-29 10:22:06.155254
2018_58,DB,2,2026-09-09 13:40:46.533751,1,3,correct,2026-09-02 13:40:46.533751
2018_59,DB,4,2026-09-28 10:22:07.056645,2,7,correct,2026-08-29 10:22:07.056645
2018_6,PM,6,2036-09-03 06:49:59.29576,2,8,correct,2026-09-06 06:49:59.29576
2018_60,DB,2,2026-09-09 13:43:12.608301,1,3,correct,2026-09-02 13:43:12.608301
2018_61,DB,4,2026-09-28 10:22:07.457175,1,5,correct,2026-08-29 10:22:07.457175
2018_64,DB,4,2026-09-28 10:22:07.857488,3,9,correct,2026-08-29 10:22:07.857488
2018_65,DB,3,2026-09-12 10:22:08.057875,3,9,correct,2026-08-29 10:22:08.057875
2018_67,DB,4,2026-09-28 10:22:08.358361,1,5,correct,2026-08-29 10:22:08.358361
2018_68,DB,4,2026-09-28 10:22:08.55899,1,5,correct,2026-08-29 10:22:08.55899
2018_7,PM,5,2036-09-03 06:49:59.497163,1,6,correct,2026-09-06 06:49:59.497163
2018_70,DB,2,2026-09-09 13:43:24.82266,1,3,correct,2026-09-02 13:43:24.82266
2018_72,DB,2,2026-09-09 13:43:32.101113,1,3,correct,2026-09-02 13:43:32.101113
2018_75,DB,2,2026-09-09 13:44:48.593704,2,7,correct,2026-09-02 13:44:48.593704
2018_77,SA,4,2026-10-06 01:03:40.100757,1,5,correct,2026-09-06 01:03:40.100757
2018_78,SA,4,2026-10-06 01:03:40.310232,1,5,correct,2026-09-06 01:03:40.310232
2018_79,SA,4,2026-10-06 01:03:40.51511,1,5,correct,2026-09-06 01:03:40.51511
2018_83,SA,0,2026-09-07 01:03:41.027868,1,1,wrong,2026-09-06 01:03:41.027868
2018_87,SA,4,2026-10-06 01:03:41.542979,1,5,correct,2026-09-06 01:03:41.542979
2018_88,SA,4,2026-10-06 01:03:41.748177,1,5,correct,2026-09-06 01:03:41.748177
2018_89,SA,3,2026-09-20 01:03:41.95395,2,7,correct,2026-09-06 01:03:41.95395
2018_90,SA,0,2026-09-07 01:03:42.159232,2,5,wrong,2026-09-06 01:03:42.159232
2018_91,SA,0,2026-09-07 01:03:42.364368,1,1,wrong,2026-09-06 01:03:42.364368
2018_92,SA,0,2026-09-07 01:03:42.569128,1,1,wrong,2026-09-06 01:03:42.569128
2018_95,SA,4,2026-10-06 01:03:42.978311,1,5,correct,2026-09-06 01:03:42.978311
2019_100,SA,4,2026-10-01 13:09:23.955558,3,7,correct,2026-09-01 13:09:23.955558
2019_102,SC,5,2036-08-24 10:05:41.110401,2,7,correct,2026-08-27 10:05:41.110401
2019_103,SC,5,2036-08-24 13:53:37.665666,1,6,correct,2026-08-27 13:53:37.665666
2019_108,SC,5,2036-08-24 14:05:07.519114,1,6,correct,2026-08-27 14:05:07.519114
2019_109,SC,5,2036-08-24 14:05:15.386069,1,6,correct,2026-08-27 14:05:15.386069
2019_111,SC,5,2036-08-24 14:05:43.291925,1,6,correct,2026-08-27 14:05:43.291925
2019_114,SC,2,2026-09-07 09:28:26.660555,2,7,correct,2026-08-31 09:28:26.660555
2019_117,SC,5,2036-08-24 14:06:04.294103,1,6,correct,2026-08-27 14:06:04.294103
2019_118,SC,4,2026-09-18 09:13:16.606997,3,9,correct,2026-08-19 09:13:16.606997
2019_17,PM,5,2036-09-02 05:09:41.227292,2,7,correct,2026-09-05 05:09:41.227292
2019_3,PM,5,2036-08-30 14:28:24.830779,1,6,correct,2026-09-02 14:28:24.830779
2019_30,SE,4,2026-09-10 22:47:18.40059,1,5,correct,2026-08-11 22:47:18.40059
2019_33,SE,4,2026-09-10 22:52:03.497012,1,5,correct,2026-08-11 22:52:03.497012
2019_37,SE,4,2026-09-13 01:24:35.662784,2,6,correct,2026-08-14 01:24:35.662784
2019_4,PM,5,2036-08-30 22:34:44.497394,1,6,correct,2026-09-02 22:34:44.497394
2019_41,SE,4,2026-09-10 22:58:50.24329,1,5,correct,2026-08-11 22:58:50.24329
2019_50,SE,5,2036-08-27 10:45:13.276633,2,7,correct,2026-08-30 10:45:13.276633
2019_56,DB,3,2026-09-11 13:40:05.208792,1,4,correct,2026-08-28 13:40:05.208792
2019_57,DB,2,2026-09-09 13:25:26.572573,2,6,correct,2026-09-02 13:25:26.572573
2019_59,DB,3,2026-09-17 13:03:20.740911,3,7,correct,2026-09-03 13:03:20.740911
2019_67,DB,3,2026-09-11 13:39:01.804633,1,4,correct,2026-08-28 13:39:01.804633
2019_7,PM,4,2026-09-16 12:40:05.027214,2,8,correct,2026-08-17 12:40:05.027214
2019_76,SA,2,2026-09-12 14:51:20.262112,1,3,correct,2026-09-05 14:51:20.262112
2019_77,SA,0,2026-09-06 14:51:34.028627,8,14,wrong,2026-09-05 14:51:34.028627
2019_82,SA,3,2026-09-15 13:09:20.82627,2,8,correct,2026-09-01 13:09:20.82627
2019_84,SA,5,2036-08-29 13:09:21.129224,1,6,correct,2026-09-01 13:09:21.129224
2019_85,SA,4,2026-10-01 13:09:21.33108,1,5,correct,2026-09-01 13:09:21.33108
2019_86,SA,4,2026-10-01 13:09:21.533063,3,7,correct,2026-09-01 13:09:21.533063
2019_87,SA,4,2026-10-01 13:09:21.73489,2,6,correct,2026-09-01 13:09:21.73489
2019_88,SA,4,2026-10-01 13:09:21.936566,1,5,correct,2026-09-01 13:09:21.936566
2019_89,SA,4,2026-10-01 13:09:22.138356,4,8,correct,2026-09-01 13:09:22.138356
2019_90,SA,4,2026-10-01 13:09:22.34056,2,6,correct,2026-09-01 13:09:22.34056
2019_92,SA,4,2026-10-01 13:09:22.643767,2,6,correct,2026-09-01 13:09:22.643767
2019_93,SA,4,2026-10-01 13:09:22.845544,2,6,correct,2026-09-01 13:09:22.845544
2019_96,SA,4,2026-10-01 13:09:23.249022,1,5,correct,2026-09-01 13:09:23.249022
2019_98,SA,4,2026-10-01 13:09:23.551933,1,5,correct,2026-09-01 13:09:23.551933
2019_99,SA,4,2026-10-01 13:09:23.753799,1,5,correct,2026-09-01 13:09:23.753799
2020_100,SA,4,2026-09-30 22:47:08.345416,2,6,correct,2026-08-31 22:47:08.345416
2020_102,SC,5,2036-08-30 10:57:02.883393,1,6,correct,2026-09-02 10:57:02.883393
2020_104,SC,5,2036-08-30 11:02:03.495821,1,6,correct,2026-09-02 11:02:03.495821
2020_106,SC,1,2026-09-06 12:54:04.490393,2,7,correct,2026-09-03 12:54:04.490393
2020_110,SC,5,2036-08-30 11:05:26.918773,2,8,correct,2026-09-02 11:05:26.918773
2020_111,SC,1,2026-09-06 12:59:39.226745,4,10,correct,2026-09-03 12:59:39.226745
2020_112,SC,5,2036-08-30 11:07:01.079726,1,6,correct,2026-09-02 11:07:01.079726
2020_113,SC,5,2036-08-30 11:07:14.051426,1,6,correct,2026-09-02 11:07:14.051426
2020_118,SC,5,2036-08-30 11:26:47.50819,1,6,correct,2026-09-02 11:26:47.50819
2020_119,SC,1,2026-09-08 05:29:17.179246,3,8,correct,2026-09-05 05:29:17.179246
2020_120,SC,5,2036-08-30 11:09:38.171955,1,6,correct,2026-09-02 11:09:38.171955
2020_14,PM,5,2036-08-27 10:38:11.891728,2,7,correct,2026-08-30 10:38:11.891728
2020_16,PM,4,2026-09-27 14:29:20.940983,2,9,correct,2026-08-28 14:29:20.940983
2020_18,PM,5,2036-08-27 10:38:48.24256,1,6,correct,2026-08-30 10:38:48.24256
2020_20,PM,5,2036-08-27 10:39:14.032698,1,6,correct,2026-08-30 10:39:14.032698
2020_23,PM,5,2036-08-27 10:39:33.869501,1,6,correct,2026-08-30 10:39:33.869501
2020_25,PM,5,2036-08-27 10:39:46.981315,1,6,correct,2026-08-30 10:39:46.981315
2020_3,PM,4,2026-09-10 23:01:26.088058,1,5,correct,2026-08-11 23:01:26.088058
2020_39,SE,4,2026-09-13 01:25:10.628193,1,5,correct,2026-08-14 01:25:10.628193
2020_51,DB,5,2036-09-02 12:56:13.110184,1,6,correct,2026-09-05 12:56:13.110184
2020_54,DB,5,2036-09-02 12:56:13.6129,1,6,correct,2026-09-05 12:56:13.6129
2020_60,DB,3,2026-09-19 12:56:14.310316,4,10,correct,2026-09-05 12:56:14.310316
2020_63,DB,5,2036-09-02 12:56:14.708868,1,6,correct,2026-09-05 12:56:14.708868
2020_65,DB,4,2026-10-05 12:56:15.008668,3,9,correct,2026-09-05 12:56:15.008668
2020_67,DB,0,2026-09-06 12:56:15.307637,1,1,wrong,2026-09-05 12:56:15.307637
2020_68,DB,5,2036-09-02 12:56:15.508683,1,6,correct,2026-09-05 12:56:15.508683
2020_70,DB,0,2026-09-06 12:56:15.807712,1,1,wrong,2026-09-05 12:56:15.807712
2020_72,DB,5,2036-09-02 12:56:16.106459,1,6,correct,2026-09-05 12:56:16.106459
2020_73,DB,5,2036-09-02 12:56:16.305721,1,6,correct,2026-09-05 12:56:16.305721
2020_74,DB,4,2026-10-05 12:56:16.506083,2,7,correct,2026-09-05 12:56:16.506083
2020_75,DB,4,2026-10-05 12:56:16.705423,2,7,correct,2026-09-05 12:56:16.705423
2020_82,SA,4,2026-09-30 22:47:05.509323,1,5,correct,2026-08-31 22:47:05.509323
2020_84,SA,2,2026-09-12 11:44:22.162224,1,3,correct,2026-09-05 11:44:22.162224
2020_85,SA,4,2026-09-30 22:47:06.015399,2,6,correct,2026-08-31 22:47:06.015399
2020_86,SA,4,2026-09-30 22:47:06.216656,1,5,correct,2026-08-31 22:47:06.216656
2020_88,SA,4,2026-09-30 22:47:06.519124,1,5,correct,2026-08-31 22:47:06.519124
2020_9,PM,5,2036-08-17 14:25:39.445828,1,6,correct,2026-08-20 14:25:39.445828
2020_90,SA,4,2026-09-30 22:47:06.82272,1,5,correct,2026-08-31 22:47:06.82272
2020_91,SA,4,2026-09-30 22:47:07.023877,1,5,correct,2026-08-31 22:47:07.023877
2020_93,SA,4,2026-09-30 22:47:07.325582,1,5,correct,2026-08-31 22:47:07.325582
2020_96,SA,4,2026-09-30 22:47:07.727669,1,5,correct,2026-08-31 22:47:07.727669
2020_97,SA,4,2026-09-30 22:47:07.928581,2,6,correct,2026-08-31 22:47:07.928581
2021_10,PM,5,2036-08-30 14:30:39.876181,1,6,correct,2026-09-02 14:30:39.876181
2021_102,SC,4,2026-09-30 12:18:18.610792,1,5,correct,2026-08-31 12:18:18.610792
2021_105,SC,2,2026-09-12 05:27:03.213606,2,9,correct,2026-09-05 05:27:03.213606
2021_106,SC,4,2026-09-30 12:18:19.23178,1,5,correct,2026-08-31 12:18:19.23178
2021_108,SC,4,2026-09-30 12:18:19.538712,1,5,correct,2026-08-31 12:18:19.538712
2021_110,SC,6,2036-08-28 12:18:19.846147,1,7,correct,2026-08-31 12:18:19.846147
2021_111,SC,6,2036-08-28 12:18:20.050865,1,7,correct,2026-08-31 12:18:20.050865
2021_113,SC,6,2036-08-28 12:18:20.36024,1,7,correct,2026-08-31 12:18:20.36024
2021_114,SC,6,2036-08-28 12:18:20.565788,1,7,correct,2026-08-31 12:18:20.565788
2021_115,SC,4,2026-09-30 12:18:20.770781,1,5,correct,2026-08-31 12:18:20.770781
2021_117,SC,6,2036-08-28 12:18:21.078043,1,7,correct,2026-08-31 12:18:21.078043
2021_118,SC,4,2026-09-30 12:18:21.282826,2,7,correct,2026-08-31 12:18:21.282826
2021_119,SC,4,2026-09-30 12:18:21.489484,1,5,correct,2026-08-31 12:18:21.489484
2021_16,PM,5,2036-08-31 12:38:21.167363,1,6,correct,2026-09-03 12:38:21.167363
2021_17,PM,5,2036-08-31 12:40:28.581768,1,6,correct,2026-09-03 12:40:28.581768
2021_24,PM,5,2036-08-30 14:31:02.723003,1,6,correct,2026-09-02 14:31:02.723003
2021_32,SE,6,2036-08-31 13:44:58.091393,1,7,correct,2026-09-03 13:44:58.091393
2021_34,SE,1,2026-09-06 13:44:58.400999,2,7,correct,2026-09-03 13:44:58.400999
2021_36,SE,6,2036-08-31 13:44:58.707963,1,7,correct,2026-09-03 13:44:58.707963
2021_4,PM,4,2026-09-07 02:32:40.664163,3,7,correct,2026-08-08 02:32:40.664163
2021_41,SE,6,2036-08-31 13:44:59.320251,1,7,correct,2026-09-03 13:44:59.320251
2021_43,SE,1,2026-09-09 05:17:51.608264,2,3,correct,2026-09-06 05:17:51.608264
2021_51,DB,0,2026-09-07 00:25:05.399324,1,1,wrong,2026-09-06 00:25:05.399324
2021_58,DB,0,2026-09-07 00:25:06.306903,1,1,wrong,2026-09-06 00:25:06.306903
2021_60,DB,0,2026-09-07 00:25:06.60768,1,1,wrong,2026-09-06 00:25:06.60768
2021_62,DB,5,2036-09-03 00:25:06.908637,1,6,correct,2026-09-06 00:25:06.908637
2021_64,DB,5,2036-09-03 00:25:07.211779,1,6,correct,2026-09-06 00:25:07.211779
2021_65,DB,4,2026-10-06 00:25:07.412748,3,9,correct,2026-09-06 00:25:07.412748
2021_67,DB,1,2026-09-09 00:25:07.713396,2,6,correct,2026-09-06 00:25:07.713396
2021_69,DB,1,2026-09-09 00:25:08.014224,2,6,correct,2026-09-06 00:25:08.014224
2021_70,DB,0,2026-09-07 00:25:08.214811,1,1,wrong,2026-09-06 00:25:08.214811
2021_72,DB,5,2036-09-03 00:25:08.515414,1,6,correct,2026-09-06 00:25:08.515414
2021_73,DB,0,2026-09-07 00:25:08.716064,1,1,wrong,2026-09-06 00:25:08.716064
2021_74,DB,5,2036-09-03 00:25:08.916665,1,6,correct,2026-09-06 00:25:08.916665
2021_75,DB,1,2026-09-09 00:25:09.117312,2,6,correct,2026-09-06 00:25:09.117312
2021_77,SA,5,2036-08-20 03:22:03.219261,1,6,correct,2026-08-23 03:22:03.219261
2021_78,SA,5,2036-08-20 03:22:03.440583,1,6,correct,2026-08-23 03:22:03.440583
2021_79,SA,5,2036-08-20 03:22:03.656539,1,6,correct,2026-08-23 03:22:03.656539
2021_8,PM,5,2036-09-02 05:09:55.405032,2,7,correct,2026-09-05 05:09:55.405032
2021_81,SA,4,2026-09-22 03:22:03.980357,6,14,correct,2026-08-23 03:22:03.980357
2021_82,SA,5,2036-08-20 03:22:04.196184,1,6,correct,2026-08-23 03:22:04.196184
2021_84,SA,5,2036-08-20 03:22:04.52301,1,6,correct,2026-08-23 03:22:04.52301
2021_85,SA,5,2036-08-20 03:22:04.741429,1,6,correct,2026-08-23 03:22:04.741429
2021_86,SA,5,2036-08-20 03:22:04.95773,1,6,correct,2026-08-23 03:22:04.95773
2021_87,SA,5,2036-08-20 03:22:05.173846,1,6,correct,2026-08-23 03:22:05.173846
2021_88,SA,4,2026-09-22 03:22:05.390256,3,10,correct,2026-08-23 03:22:05.390256
2021_90,SA,5,2036-08-20 03:22:05.714287,3,10,correct,2026-08-23 03:22:05.714287
2021_91,SA,5,2036-08-20 03:22:05.930324,2,9,correct,2026-08-23 03:22:05.930324
2021_92,SA,5,2036-08-20 03:22:06.146643,1,6,correct,2026-08-23 03:22:06.146643
2021_95,SA,5,2036-08-20 03:22:06.579593,2,7,correct,2026-08-23 03:22:06.579593
2021_96,SA,3,2026-09-20 08:56:52.063801,3,10,correct,2026-09-06 08:56:52.063801
2021_98,SA,5,2036-08-20 03:22:07.12046,2,8,correct,2026-08-23 03:22:07.12046
2022_100,SA,5,2036-08-27 12:23:26.407009,1,6,correct,2026-08-30 12:23:26.407009
2022_102,SC,5,2036-09-03 09:11:03.576611,10,19,correct,2026-09-06 09:11:03.576611
2022_104,SC,0,2026-09-07 09:11:03.874273,3,8,wrong,2026-09-06 09:11:03.874273
2022_105,SC,6,2036-09-03 09:11:04.071927,1,7,correct,2026-09-06 09:11:04.071927
2022_106,SC,5,2036-09-03 09:11:04.269896,5,11,correct,2026-09-06 09:11:04.269896
2022_108,SC,5,2036-09-03 09:11:04.56687,1,6,correct,2026-09-06 09:11:04.56687
2022_11,PM,5,2036-08-30 22:33:32.767139,1,6,correct,2026-09-02 22:33:32.767139
2022_112,SC,5,2036-09-03 09:11:05.062328,1,6,correct,2026-09-06 09:11:05.062328
2022_113,SC,4,2026-10-06 09:11:05.259899,2,8,correct,2026-09-06 09:11:05.259899
2022_115,SC,5,2036-09-03 09:11:05.557107,2,10,correct,2026-09-06 09:11:05.557107
2022_120,SC,6,2036-09-03 09:11:06.150542,2,9,correct,2026-09-06 09:11:06.150542
2022_17,PM,1,2026-09-09 05:19:33.569719,3,8,correct,2026-09-06 05:19:33.569719
2022_18,PM,5,2036-08-30 14:29:41.644621,1,6,correct,2026-09-02 14:29:41.644621
2022_21,PM,5,2036-08-30 14:28:59.080384,1,6,correct,2026-09-02 14:28:59.080384
2022_24,PM,5,2036-08-31 12:46:32.804916,1,6,correct,2026-09-03 12:46:32.804916
2022_25,PM,5,2036-08-31 12:44:53.743092,1,6,correct,2026-09-03 12:44:53.743092
2022_26,SE,4,2026-09-19 14:23:07.601387,3,9,correct,2026-08-20 14:23:07.601387
2022_29,SE,5,2036-08-30 13:49:05.695368,1,6,correct,2026-09-02 13:49:05.695368
2022_30,SE,0,2026-09-07 05:18:30.788617,6,10,wrong,2026-09-06 05:18:30.788617
2022_35,SE,5,2036-08-30 13:50:53.395884,2,7,correct,2026-09-02 13:50:53.395884
2022_40,SE,1,2026-09-07 09:07:42.639117,2,7,correct,2026-09-04 09:07:42.639117
2022_43,SE,5,2036-09-03 03:42:41.110499,1,6,correct,2026-09-06 03:42:41.110499
2022_44,SE,4,2026-10-02 11:33:28.683573,2,9,correct,2026-09-02 11:33:28.683573
2022_51,DB,4,2026-10-04 11:55:39.070662,1,5,correct,2026-09-04 11:55:39.070662
2022_63,DB,4,2026-10-05 06:16:33.152846,1,5,correct,2026-09-05 06:16:33.152846
2022_74,DB,4,2026-10-05 06:20:48.900761,1,5,correct,2026-09-05 06:20:48.900761
2022_78,SA,5,2036-08-27 12:23:22.508046,1,6,correct,2026-08-30 12:23:22.508046
2022_81,SA,4,2026-09-29 12:23:22.922622,3,10,correct,2026-08-30 12:23:22.922622
2022_82,SA,5,2036-08-27 12:23:23.127217,1,6,correct,2026-08-30 12:23:23.127217
2022_83,SA,4,2026-09-29 12:23:23.332388,2,9,correct,2026-08-30 12:23:23.332388
2022_84,SA,3,2026-09-13 12:23:23.537074,3,10,correct,2026-08-30 12:23:23.537074
2022_87,SA,5,2036-08-27 12:23:24.151872,2,8,correct,2026-08-30 12:23:24.151872
2022_88,SA,5,2036-08-27 12:23:24.356724,1,6,correct,2026-08-30 12:23:24.356724
2022_89,SA,2,2026-09-10 12:50:38.09937,1,3,correct,2026-09-03 12:50:38.09937
2022_91,SA,5,2036-08-27 12:23:24.869066,2,8,correct,2026-08-30 12:23:24.869066
2022_92,SA,5,2036-08-27 12:23:25.073805,2,8,correct,2026-08-30 12:23:25.073805
2022_94,SA,5,2036-08-27 12:23:25.382657,1,6,correct,2026-08-30 12:23:25.382657
2022_96,SA,5,2036-08-27 12:23:25.689748,2,8,correct,2026-08-30 12:23:25.689748
2022_97,SA,5,2036-08-27 12:23:25.894595,3,9,correct,2026-08-30 12:23:25.894595
2022_99,SA,2,2026-09-10 12:50:52.953876,1,3,correct,2026-09-03 12:50:52.953876
2023_10,PM,5,2036-08-30 14:30:27.115137,1,6,correct,2026-09-02 14:30:27.115137
2023_100,SA,1,2026-09-09 06:32:36.226118,2,6,correct,2026-09-06 06:32:36.226118
2023_101,SC,5,2036-08-29 12:35:14.307897,1,6,correct,2026-09-01 12:35:14.307897
2023_103,SC,5,2036-08-29 12:35:31.268229,1,6,correct,2026-09-01 12:35:31.268229
2023_104,SC,4,2026-09-27 14:30:44.585594,2,9,correct,2026-08-28 14:30:44.585594
2023_105,SC,5,2036-08-29 12:35:56.328192,1,6,correct,2026-09-01 12:35:56.328192
2023_107,SC,5,2036-08-29 12:36:32.171437,1,6,correct,2026-09-01 12:36:32.171437
2023_110,SC,5,2036-08-29 12:36:54.488243,1,6,correct,2026-09-01 12:36:54.488243
2023_112,SC,5,2036-08-29 12:37:22.645433,1,6,correct,2026-09-01 12:37:22.645433
2023_114,SC,4,2026-09-18 09:14:25.067162,3,10,correct,2026-08-19 09:14:25.067162
2023_115,SC,5,2036-08-29 12:40:32.753388,1,6,correct,2026-09-01 12:40:32.753388
2023_116,SC,4,2026-09-14 00:40:38.61283,2,8,correct,2026-08-15 00:40:38.61283
2023_24,PM,4,2026-09-07 03:07:54.039321,2,7,correct,2026-08-08 03:07:54.039321
2023_27,SE,4,2026-09-10 09:22:11.363205,6,11,correct,2026-08-11 09:22:11.363205
2023_30,SE,5,2036-08-24 05:39:31.251547,1,6,correct,2026-08-27 05:39:31.251547
2023_32,SE,4,2026-09-07 03:08:20.093408,2,7,correct,2026-08-08 03:08:20.093408
2023_41,SE,5,2036-08-24 05:40:06.229914,1,6,correct,2026-08-27 05:40:06.229914
2023_43,SE,5,2036-08-30 14:09:17.367935,1,6,correct,2026-09-02 14:09:17.367935
2023_44,SE,4,2026-09-19 14:22:48.010986,3,10,correct,2026-08-20 14:22:48.010986
2023_45,SE,3,2026-09-10 05:38:24.650415,3,10,correct,2026-08-27 05:38:24.650415
2023_46,SE,5,2036-08-30 14:15:03.055064,1,6,correct,2026-09-02 14:15:03.055064
2023_49,SE,5,2036-08-24 05:41:08.572913,1,6,correct,2026-08-27 05:41:08.572913
2023_50,SE,4,2026-09-07 03:09:42.313611,1,5,correct,2026-08-08 03:09:42.313611
2023_57,DB,4,2026-09-30 11:27:13.636887,1,5,correct,2026-08-31 11:27:13.636887
2023_58,DB,2,2026-09-12 04:49:23.355894,2,7,correct,2026-09-05 04:49:23.355894
2023_59,DB,4,2026-09-30 11:27:14.03902,3,8,correct,2026-08-31 11:27:14.03902
2023_61,DB,3,2026-09-14 11:27:14.338613,2,7,correct,2026-08-31 11:27:14.338613
2023_62,DB,4,2026-09-30 11:27:14.538574,2,6,correct,2026-08-31 11:27:14.538574
2023_68,DB,4,2026-09-30 11:27:15.235323,2,7,correct,2026-08-31 11:27:15.235323
2023_69,DB,4,2026-09-30 11:27:15.434361,1,5,correct,2026-08-31 11:27:15.434361
2023_70,DB,2,2026-09-12 14:46:43.472213,3,8,correct,2026-09-05 14:46:43.472213
2023_73,DB,3,2026-09-14 11:27:16.031858,2,7,correct,2026-08-31 11:27:16.031858
2023_74,DB,4,2026-09-30 11:27:16.231177,1,5,correct,2026-08-31 11:27:16.231177
2023_76,SA,4,2026-10-05 05:47:29.028901,1,5,correct,2026-09-05 05:47:29.028901
2023_78,SA,5,2036-09-02 05:47:29.439426,1,6,correct,2026-09-05 05:47:29.439426
2023_81,SA,4,2026-10-05 05:47:29.845469,1,5,correct,2026-09-05 05:47:29.845469
2023_82,SA,1,2026-09-09 06:31:49.92254,1,2,correct,2026-09-06 06:31:49.92254
2023_83,SA,4,2026-10-05 05:47:30.253707,1,5,correct,2026-09-05 05:47:30.253707
2023_85,SA,4,2026-10-05 05:47:30.559085,1,5,correct,2026-09-05 05:47:30.559085
2023_87,SA,4,2026-10-05 05:47:30.865096,1,5,correct,2026-09-05 05:47:30.865096
2023_88,SA,4,2026-10-05 05:47:31.068603,1,5,correct,2026-09-05 05:47:31.068603
2023_89,SA,3,2026-09-19 05:47:31.271812,2,7,correct,2026-09-05 05:47:31.271812
2023_91,SA,4,2026-10-05 05:47:31.57644,2,7,correct,2026-09-05 05:47:31.57644
2023_93,SA,4,2026-10-05 05:47:31.881125,1,5,correct,2026-09-05 05:47:31.881125
2023_96,SA,3,2026-09-19 05:47:32.28817,2,7,correct,2026-09-05 05:47:32.28817
2024_1,PM,5,2036-08-30 14:28:45.442074,1,6,correct,2026-09-02 14:28:45.442074
2024_10,PM,1,2026-09-07 09:08:48.012049,2,7,correct,2026-09-04 09:08:48.012049
2024_100,SA,2,2026-09-09 12:41:37.957257,1,3,correct,2026-09-02 12:41:37.957257
2024_101,SC,5,2036-08-26 05:42:03.796053,1,6,correct,2026-08-29 05:42:03.796053
2024_105,SC,4,2026-09-25 00:04:59.643472,1,5,correct,2026-08-26 00:04:59.643472
2024_110,SC,5,2036-08-26 05:43:29.88134,1,6,correct,2026-08-29 05:43:29.88134
2024_111,SC,5,2036-08-26 05:44:08.334456,1,6,correct,2026-08-29 05:44:08.334456
2024_114,SC,5,2036-08-26 05:44:33.676583,1,6,correct,2026-08-29 05:44:33.676583
2024_116,SC,4,2026-09-12 03:02:06.089913,3,9,correct,2026-08-13 03:02:06.089913
2024_117,SC,4,2026-09-12 03:04:35.915692,2,8,correct,2026-08-13 03:04:35.915692
2024_18,PM,5,2036-08-30 22:33:45.108368,1,6,correct,2026-09-02 22:33:45.108368
2024_2,PM,3,2026-09-14 09:17:16.476168,4,12,correct,2026-08-31 09:17:16.476168
2024_21,PM,5,2036-08-31 12:42:06.588383,1,6,correct,2026-09-03 12:42:06.588383
2024_22,PM,5,2036-08-30 14:28:06.219599,1,6,correct,2026-09-02 14:28:06.219599
2024_39,SE,5,2036-08-31 12:34:35.749404,1,6,correct,2026-09-03 12:34:35.749404
2024_4,PM,5,2036-08-31 12:42:48.639543,1,6,correct,2026-09-03 12:42:48.639543
2024_43,SE,1,2026-09-08 04:52:47.406312,2,7,correct,2026-09-05 04:52:47.406312
2024_54,DB,5,2036-09-03 05:59:18.425446,1,6,correct,2026-09-06 05:59:18.425446
2024_55,DB,4,2026-10-06 05:59:18.631201,2,7,correct,2026-09-06 05:59:18.631201
2024_60,DB,5,2036-09-03 05:59:19.230195,3,8,correct,2026-09-06 05:59:19.230195
2024_62,DB,0,2026-09-07 05:59:19.529281,1,1,wrong,2026-09-06 05:59:19.529281
2024_64,DB,2,2026-09-13 05:59:19.830416,2,7,correct,2026-09-06 05:59:19.830416
2024_67,DB,0,2026-09-07 05:59:20.240877,1,1,wrong,2026-09-06 05:59:20.240877
2024_70,DB,0,2026-09-07 05:59:20.639583,1,1,wrong,2026-09-06 05:59:20.639583
2024_72,DB,5,2036-09-03 05:59:20.93876,1,6,correct,2026-09-06 05:59:20.93876
2024_74,DB,2,2026-09-13 05:59:21.23764,2,7,correct,2026-09-06 05:59:21.23764
2024_76,SA,5,2036-08-26 09:42:52.170328,1,6,correct,2026-08-29 09:42:52.170328
2024_77,SA,5,2036-08-26 09:42:52.482939,2,8,correct,2026-08-29 09:42:52.482939
2024_78,SA,5,2036-08-26 09:42:52.686577,1,6,correct,2026-08-29 09:42:52.686577
2024_79,SA,2,2026-09-10 12:50:12.72818,2,4,correct,2026-09-03 12:50:12.72818
2024_80,SA,2,2026-09-09 12:36:58.412156,1,3,correct,2026-09-02 12:36:58.412156
2024_81,SA,5,2036-08-26 09:42:53.29716,1,6,correct,2026-08-29 09:42:53.29716
2024_83,SA,4,2026-09-28 09:42:53.603518,2,9,correct,2026-08-29 09:42:53.603518
2024_87,SA,5,2036-08-26 09:42:54.112469,2,9,correct,2026-08-29 09:42:54.112469
2024_91,SA,2,2026-09-09 12:39:38.3347,1,3,correct,2026-09-02 12:39:38.3347
2024_94,SA,5,2036-08-26 09:42:55.028933,3,9,correct,2026-08-29 09:42:55.028933
2024_95,SA,5,2036-08-26 09:42:55.232586,2,7,correct,2026-08-29 09:42:55.232586
2024_96,SA,5,2036-08-26 09:42:55.436864,3,9,correct,2026-08-29 09:42:55.436864
2024_98,SA,5,2036-08-26 09:42:55.742469,1,6,correct,2026-08-29 09:42:55.742469
2025_1,PM,6,2036-09-03 01:54:58.842605,1,7,correct,2026-09-06 01:54:58.842605
2025_11,PM,0,2026-09-07 01:55:00.269613,3,9,wrong,2026-09-06 01:55:00.269613
2025_117,SC,5,2036-08-30 22:35:12.106117,1,6,correct,2026-09-02 22:35:12.106117
2025_15,PM,6,2036-09-03 01:55:00.777321,1,7,correct,2026-09-06 01:55:00.777321
2025_23,PM,5,2036-09-03 01:55:01.692381,4,11,correct,2026-09-06 01:55:01.692381
2025_24,PM,6,2036-09-03 01:55:01.898678,1,7,correct,2026-09-06 01:55:01.898678
2025_33,SE,5,2036-08-31 12:29:32.018519,1,6,correct,2026-09-03 12:29:32.018519
2025_4,PM,6,2036-09-03 01:54:59.354739,1,7,correct,2026-09-06 01:54:59.354739
2025_40,SE,4,2026-09-16 12:39:48.467363,3,9,correct,2026-08-17 12:39:48.467363
2025_44,SE,5,2036-08-31 12:27:45.270922,1,6,correct,2026-09-03 12:27:45.270922
2025_46,SE,1,2026-09-08 04:51:40.039884,2,7,correct,2026-09-05 04:51:40.039884
2025_49,SE,5,2036-08-30 14:09:05.395527,1,6,correct,2026-09-02 14:09:05.395527
2025_51,DB,4,2026-09-29 11:14:11.340102,1,5,correct,2026-08-30 11:14:11.340102
2025_52,DB,2,2026-09-10 13:10:28.719681,1,3,correct,2026-09-03 13:10:28.719681
2025_57,DB,4,2026-09-29 11:14:12.24205,1,5,correct,2026-08-30 11:14:12.24205
2025_58,DB,2,2026-09-09 13:44:54.070596,6,11,correct,2026-09-02 13:44:54.070596
2025_60,DB,4,2026-09-29 11:14:12.744741,1,5,correct,2026-08-30 11:14:12.744741
2025_61,DB,4,2026-09-29 11:14:12.944159,1,5,correct,2026-08-30 11:14:12.944159
2025_62,DB,2,2026-09-10 13:16:50.965435,1,3,correct,2026-09-03 13:16:50.965435
2025_67,DB,4,2026-09-29 11:14:13.741331,1,5,correct,2026-08-30 11:14:13.741331
2025_68,DB,2,2026-09-10 13:18:43.091266,1,3,correct,2026-09-03 13:18:43.091266
2025_69,DB,4,2026-09-29 11:14:14.139838,2,6,correct,2026-08-30 11:14:14.139838
2025_71,DB,4,2026-09-29 11:14:14.438829,1,5,correct,2026-08-30 11:14:14.438829
2025_74,DB,3,2026-09-13 11:14:14.837486,2,7,correct,2026-08-30 11:14:14.837486
2025_75,DB,4,2026-09-29 11:14:15.037002,1,5,correct,2026-08-30 11:14:15.037002
2025_76,SA,4,2026-09-08 13:23:16.179047,1,5,correct,2026-08-09 13:23:16.179047
2025_77,SA,4,2026-09-08 13:23:16.48487,2,7,correct,2026-08-09 13:23:16.48487
2025_78,SA,4,2026-09-08 13:23:16.684732,1,5,correct,2026-08-09 13:23:16.684732
2025_79,SA,4,2026-09-08 13:23:16.884208,1,5,correct,2026-08-09 13:23:16.884208
2025_80,SA,2,2026-09-12 05:14:10.424118,5,13,correct,2026-09-05 05:14:10.424118
2025_81,SA,4,2026-09-08 13:23:17.28364,3,8,correct,2026-08-09 13:23:17.28364
2025_83,SA,4,2026-10-05 05:26:27.86684,1,5,correct,2026-09-05 05:26:27.86684
2025_84,SA,4,2026-09-08 13:23:17.783909,2,6,correct,2026-08-09 13:23:17.783909
2025_85,SA,3,2026-09-10 14:24:27.227105,2,6,correct,2026-08-27 14:24:27.227105
2025_87,SA,4,2026-10-05 14:47:08.875449,1,5,correct,2026-09-05 14:47:08.875449
2025_9,PM,0,2026-09-07 01:54:59.964167,1,1,wrong,2026-09-06 01:54:59.964167
2025_91,SA,5,2036-08-06 13:23:18.781922,1,6,correct,2026-08-09 13:23:18.781922
2025_92,SA,4,2026-09-08 13:23:18.981482,1,5,correct,2026-08-09 13:23:18.981482
2025_93,SA,4,2026-09-08 13:23:19.181352,1,5,correct,2026-08-09 13:23:19.181352
2025_94,SA,4,2026-09-08 13:23:19.381586,1,5,correct,2026-08-09 13:23:19.381586
2025_95,SA,4,2026-10-05 14:49:14.647937,1,5,correct,2026-09-05 14:49:14.647937
2025_97,SA,4,2026-09-08 13:23:19.88037,1,5,correct,2026-08-09 13:23:19.88037
2025_98,SA,4,2026-09-30 09:27:15.612837,3,10,correct,2026-08-31 09:27:15.612837
2026_1,PM,3,2026-09-11 13:31:55.882863,2,8,correct,2026-08-28 13:31:55.882863
2026_10,PM,6,2036-08-25 13:31:57.208477,1,7,correct,2026-08-28 13:31:57.208477
2026_100,SA,2,2026-09-09 12:12:54.514103,2,7,correct,2026-09-02 12:12:54.514103
2026_101,SC,2,2026-09-09 11:12:26.758456,2,8,correct,2026-09-02 11:12:26.758456
2026_102,SC,2,2026-09-09 11:12:58.607986,1,3,correct,2026-09-02 11:12:58.607986
2026_103,SC,2,2026-09-09 11:15:04.667516,1,3,correct,2026-09-02 11:15:04.667516
2026_104,SC,2,2026-09-09 11:17:10.605456,2,8,correct,2026-09-02 11:17:10.605456
2026_105,SC,2,2026-09-09 11:17:45.187614,1,3,correct,2026-09-02 11:17:45.187614
2026_106,SC,2,2026-09-09 11:18:03.212161,1,3,correct,2026-09-02 11:18:03.212161
2026_107,SC,2,2026-09-09 11:18:19.940089,2,8,correct,2026-09-02 11:18:19.940089
2026_108,SC,2,2026-09-09 11:18:32.168752,1,3,correct,2026-09-02 11:18:32.168752
2026_109,SC,2,2026-09-09 11:18:47.497579,2,8,correct,2026-09-02 11:18:47.497579
2026_110,SC,2,2026-09-09 11:19:06.219389,2,8,correct,2026-09-02 11:19:06.219389
2026_111,SC,2,2026-09-09 11:19:17.176278,1,3,correct,2026-09-02 11:19:17.176278
2026_112,SC,2,2026-09-09 11:19:24.892207,2,8,correct,2026-09-02 11:19:24.892207
2026_113,SC,2,2026-09-09 11:19:29.128439,2,8,correct,2026-09-02 11:19:29.128439
2026_114,SC,2,2026-09-09 11:20:17.601738,1,3,correct,2026-09-02 11:20:17.601738
2026_115,SC,2,2026-09-10 12:52:01.620943,3,9,correct,2026-09-03 12:52:01.620943
2026_116,SC,2,2026-09-09 11:20:40.459532,2,8,correct,2026-09-02 11:20:40.459532
2026_117,SC,1,2026-09-06 13:00:42.883402,8,17,correct,2026-09-03 13:00:42.883402
2026_118,SC,2,2026-09-09 11:24:41.637179,1,3,correct,2026-09-02 11:24:41.637179
2026_119,SC,2,2026-09-09 11:24:56.235507,1,3,correct,2026-09-02 11:24:56.235507
2026_12,PM,5,2036-08-25 13:31:57.51341,1,6,correct,2026-08-28 13:31:57.51341
2026_120,SC,2,2026-09-09 11:26:14.881969,1,3,correct,2026-09-02 11:26:14.881969
2026_21,PM,1,2026-09-07 09:08:08.249213,5,13,correct,2026-09-04 09:08:08.249213
2026_23,PM,6,2036-08-25 13:31:58.834828,1,7,correct,2026-08-28 13:31:58.834828
2026_30,SE,5,2036-08-25 13:31:59.648034,2,9,correct,2026-08-28 13:31:59.648034
2026_31,SE,3,2026-09-11 13:31:59.851225,3,12,correct,2026-08-28 13:31:59.851225
2026_33,SE,6,2036-08-25 13:32:00.156316,1,7,correct,2026-08-28 13:32:00.156316
2026_36,SE,3,2026-09-19 04:54:54.654762,5,14,correct,2026-09-05 04:54:54.654762
2026_4,PM,2,2026-09-09 14:15:24.945726,1,3,correct,2026-09-02 14:15:24.945726
2026_42,SE,6,2036-08-25 13:32:01.275424,1,7,correct,2026-08-28 13:32:01.275424
2026_44,SE,6,2036-08-25 13:32:01.580867,1,7,correct,2026-08-28 13:32:01.580867
2026_45,SE,6,2036-08-25 13:32:01.784273,1,7,correct,2026-08-28 13:32:01.784273
2026_48,SE,6,2036-08-25 13:32:02.191193,1,7,correct,2026-08-28 13:32:02.191193
2026_50,SE,1,2026-09-06 12:36:37.784944,4,11,correct,2026-09-03 12:36:37.784944
2026_51,DB,2,2026-09-09 12:42:42.421136,2,7,correct,2026-09-02 12:42:42.421136
2026_52,DB,2,2026-09-09 12:43:48.01948,1,3,correct,2026-09-02 12:43:48.01948
2026_53,DB,1,2026-09-06 13:19:09.37653,2,4,correct,2026-09-03 13:19:09.37653
2026_54,DB,2,2026-09-09 12:46:35.935426,1,3,correct,2026-09-02 12:46:35.935426
2026_55,DB,2,2026-09-09 12:46:42.924482,2,7,correct,2026-09-02 12:46:42.924482
2026_56,DB,2,2026-09-09 12:48:37.045986,2,7,correct,2026-09-02 12:48:37.045986
2026_57,DB,2,2026-09-09 12:49:11.816064,2,7,correct,2026-09-02 12:49:11.816064
2026_58,DB,2,2026-09-09 12:50:47.53384,1,3,correct,2026-09-02 12:50:47.53384
2026_59,DB,2,2026-09-09 12:52:06.271293,2,7,correct,2026-09-02 12:52:06.271293
2026_6,PM,6,2036-08-25 13:31:56.700269,1,7,correct,2026-08-28 13:31:56.700269
2026_60,DB,2,2026-09-09 12:52:30.243056,1,3,correct,2026-09-02 12:52:30.243056
2026_61,DB,1,2026-09-08 04:49:46.945369,3,5,correct,2026-09-05 04:49:46.945369
2026_62,DB,2,2026-09-09 13:00:06.217333,1,3,correct,2026-09-02 13:00:06.217333
2026_63,DB,2,2026-09-09 13:02:50.138964,2,7,correct,2026-09-02 13:02:50.138964
2026_64,DB,2,2026-09-09 13:03:06.287122,1,3,correct,2026-09-02 13:03:06.287122
2026_65,DB,2,2026-09-09 13:03:25.251737,1,3,correct,2026-09-02 13:03:25.251737
2026_66,DB,2,2026-09-09 13:07:07.645312,2,7,correct,2026-09-02 13:07:07.645312
2026_67,DB,2,2026-09-09 13:09:57.102638,1,3,correct,2026-09-02 13:09:57.102638
2026_68,DB,2,2026-09-09 13:10:05.377588,4,10,correct,2026-09-02 13:10:05.377588
2026_69,DB,2,2026-09-09 13:10:08.617632,1,3,correct,2026-09-02 13:10:08.617632
2026_70,DB,2,2026-09-10 13:03:45.044893,2,4,correct,2026-09-03 13:03:45.044893
2026_71,DB,2,2026-09-09 13:13:03.525258,2,7,correct,2026-09-02 13:13:03.525258
2026_72,DB,2,2026-09-09 13:13:34.773415,1,3,correct,2026-09-02 13:13:34.773415
2026_73,DB,2,2026-09-09 13:14:03.744596,1,3,correct,2026-09-02 13:14:03.744596
2026_74,DB,2,2026-09-09 13:18:23.414577,2,7,correct,2026-09-02 13:18:23.414577
2026_75,DB,2,2026-09-09 13:18:43.056659,1,3,correct,2026-09-02 13:18:43.056659
2026_76,SA,2,2026-09-09 11:34:01.154989,2,8,correct,2026-09-02 11:34:01.154989
2026_77,SA,2,2026-09-09 11:34:04.738934,1,3,correct,2026-09-02 11:34:04.738934
2026_78,SA,2,2026-09-09 11:34:12.295723,5,13,correct,2026-09-02 11:34:12.295723
2026_79,SA,2,2026-09-09 11:34:28.199652,2,8,correct,2026-09-02 11:34:28.199652
2026_80,SA,2,2026-09-09 11:35:58.603435,3,10,correct,2026-09-02 11:35:58.603435
2026_81,SA,2,2026-09-09 11:36:07.030911,1,3,correct,2026-09-02 11:36:07.030911
2026_82,SA,2,2026-09-09 11:36:19.965565,4,11,correct,2026-09-02 11:36:19.965565
2026_83,SA,2,2026-09-09 11:37:47.353933,1,3,correct,2026-09-02 11:37:47.353933
2026_84,SA,2,2026-09-09 11:38:28.715043,4,13,correct,2026-09-02 11:38:28.715043
2026_85,SA,2,2026-09-09 11:38:38.331956,2,8,correct,2026-09-02 11:38:38.331956
2026_86,SA,2,2026-09-09 11:38:46.996972,1,3,correct,2026-09-02 11:38:46.996972
2026_87,SA,2,2026-09-10 12:46:48.932452,2,4,correct,2026-09-03 12:46:48.932452
2026_88,SA,1,2026-09-08 05:25:05.373423,7,14,correct,2026-09-05 05:25:05.373423
2026_89,SA,2,2026-09-09 11:56:50.7806,2,8,correct,2026-09-02 11:56:50.7806
2026_90,SA,2,2026-09-09 11:57:41.399315,1,3,correct,2026-09-02 11:57:41.399315
2026_91,SA,2,2026-09-09 11:57:48.629761,2,8,correct,2026-09-02 11:57:48.629761
2026_92,SA,2,2026-09-09 11:57:57.571581,2,8,correct,2026-09-02 11:57:57.571581
2026_93,SA,2,2026-09-09 11:58:07.4944,3,9,correct,2026-09-02 11:58:07.4944
2026_94,SA,2,2026-09-09 11:58:20.253289,1,3,correct,2026-09-02 11:58:20.253289
2026_95,SA,2,2026-09-09 11:58:30.039115,1,3,correct,2026-09-02 11:58:30.039115
2026_96,SA,2,2026-09-09 11:58:49.279648,1,3,correct,2026-09-02 11:58:49.279648
2026_97,SA,2,2026-09-09 12:00:09.744092,2,7,correct,2026-09-02 12:00:09.744092
2026_98,SA,2,2026-09-09 12:05:59.420801,2,8,correct,2026-09-02 12:05:59.420801
2026_99,SA,2,2026-09-09 12:10:51.665541,3,11,correct,2026-09-02 12:10:51.665541